-1.74235,-0.16093,2.39933,-2.23840,-1.39924,1.57080
-1.74275,-0.15972,2.39908,-2.24057,-1.39884,1.57156
-1.74315,-0.15852,2.39882,-2.24274,-1.39844,1.57233
-1.74104,-0.16087,2.39751,-2.23454,-1.40350,1.57212
-1.74060,-0.16085,2.39691,-2.23325,-1.40492,1.57256
-1.74016,-0.16083,2.39630,-2.23197,-1.40634,1.57301
-1.73904,-0.16053,2.39576,-2.23141,-1.40873,1.57282
-1.73792,-0.16023,2.39522,-2.23086,-1.41112,1.57263
-1.73701,-0.16013,2.39506,-2.23085,-1.41316,1.57273
-1.73610,-0.16003,2.39491,-2.23084,-1.41520,1.57283
-1.73506,-0.15969,2.39474,-2.23130,-1.41750,1.57290
-1.73402,-0.15935,2.39458,-2.23176,-1.41980,1.57297
-1.73259,-0.15882,2.39416,-2.23201,-1.42264,1.57238
-1.73116,-0.15829,2.39375,-2.23225,-1.42548,1.57180
-1.73014,-0.15810,2.39355,-2.23233,-1.42771,1.57199
-1.72912,-0.15791,2.39334,-2.23241,-1.42993,1.57219
-1.72812,-0.15770,2.39316,-2.23256,-1.43218,1.57228
-1.72712,-0.15749,2.39297,-2.23272,-1.43444,1.57237
-1.72603,-0.15740,2.39272,-2.23247,-1.43676,1.57251
-1.72494,-0.15732,2.39248,-2.23222,-1.43908,1.57265
-1.72399,-0.15735,2.39227,-2.23180,-1.44124,1.57312
-1.72304,-0.15737,2.39206,-2.23139,-1.44341,1.57359
-1.72205,-0.15708,2.39188,-2.23171,-1.44559,1.57365
-1.72107,-0.15678,2.39170,-2.23204,-1.44777,1.57371
-1.71998,-0.15648,2.39145,-2.23223,-1.45009,1.57368
-1.71888,-0.15618,2.39120,-2.23241,-1.45241,1.57364
-1.71802,-0.15575,2.39110,-2.23323,-1.45443,1.57375
-1.71715,-0.15531,2.39099,-2.23406,-1.45644,1.57386
-1.71606,-0.15512,2.39073,-2.23397,-1.45875,1.57382
-1.71497,-0.15493,2.39046,-2.23388,-1.46106,1.57378
-1.71399,-0.15462,2.39027,-2.23422,-1.46322,1.57383
-1.71302,-0.15432,2.39008,-2.23456,-1.46538,1.57388
-1.71207,-0.15405,2.38989,-2.23481,-1.46747,1.57399
-1.71112,-0.15378,2.38970,-2.23506,-1.46956,1.57411
-1.71010,-0.15347,2.38948,-2.23534,-1.47178,1.57414
-1.70908,-0.15315,2.38926,-2.23563,-1.47401,1.57417
-1.70831,-0.15273,2.38917,-2.23645,-1.47586,1.57426
-1.70754,-0.15232,2.38909,-2.23728,-1.47771,1.57435
-1.70637,-0.15208,2.38879,-2.23719,-1.48014,1.57437
-1.70521,-0.15185,2.38850,-2.23710,-1.48258,1.57438
-1.70435,-0.15155,2.38836,-2.23752,-1.48456,1.57456
-1.70348,-0.15126,2.38822,-2.23793,-1.48654,1.57472
-1.70250,-0.15081,2.38803,-2.23859,-1.48869,1.57464
-1.70153,-0.15035,2.38784,-2.23924,-1.49084,1.57456
-1.70062,-0.15015,2.38764,-2.23932,-1.49289,1.57481
-1.69971,-0.14995,2.38744,-2.23940,-1.49495,1.57506
-1.69858,-0.14951,2.38717,-2.23979,-1.49733,1.57488
-1.69745,-0.14908,2.38690,-2.24018,-1.49972,1.57470
-1.69652,-0.14871,2.38672,-2.24065,-1.50178,1.57477
-1.69559,-0.14835,2.38655,-2.24112,-1.50385,1.57484
-1.69466,-0.14795,2.38636,-2.24166,-1.50592,1.57481
-1.69374,-0.14756,2.38618,-2.24220,-1.50798,1.57478
-1.69280,-0.14717,2.38599,-2.24267,-1.51005,1.57479
-1.69187,-0.14679,2.38579,-2.24314,-1.51213,1.57480
-1.69094,-0.14645,2.38559,-2.24350,-1.51418,1.57490
-1.69001,-0.14611,2.38539,-2.24386,-1.51624,1.57499
-1.68908,-0.14574,2.38520,-2.24429,-1.51832,1.57503
-1.68814,-0.14537,2.38500,-2.24473,-1.52039,1.57506
-1.68722,-0.14480,2.38485,-2.24573,-1.52248,1.57491
-1.68630,-0.14423,2.38470,-2.24672,-1.52457,1.57477
-1.68527,-0.14390,2.38443,-2.24691,-1.52681,1.57477
-1.68424,-0.14357,2.38416,-2.24710,-1.52905,1.57477
-1.68329,-0.14325,2.38395,-2.24737,-1.53116,1.57481
-1.68234,-0.14294,2.38374,-2.24765,-1.53327,1.57484
-1.68142,-0.14265,2.38352,-2.24784,-1.53534,1.57489
-1.68049,-0.14237,2.38330,-2.24804,-1.53740,1.57494
-1.67958,-0.14206,2.38309,-2.24832,-1.53943,1.57496
-1.67867,-0.14174,2.38288,-2.24859,-1.54145,1.57498
-1.67768,-0.14145,2.38265,-2.24876,-1.54365,1.57504
-1.67669,-0.14117,2.38241,-2.24892,-1.54584,1.57510
-1.67577,-0.14088,2.38219,-2.24910,-1.54788,1.57514
-1.67485,-0.14060,2.38196,-2.24928,-1.54993,1.57518
-1.67390,-0.14029,2.38173,-2.24949,-1.55205,1.57521
-1.67294,-0.13999,2.38150,-2.24970,-1.55417,1.57524
-1.67199,-0.13971,2.38126,-2.24985,-1.55630,1.57530
-1.67103,-0.13942,2.38102,-2.25000,-1.55843,1.57536
-1.67018,-0.13910,2.38087,-2.25045,-1.56040,1.57525
-1.66934,-0.13878,2.38072,-2.25091,-1.56237,1.57513
-1.66805,-0.13861,2.38028,-2.25033,-1.56496,1.57550
-1.66677,-0.13845,2.37984,-2.24974,-1.56754,1.57587
-1.66586,-0.13815,2.37961,-2.24994,-1.56957,1.57593
-1.66495,-0.13785,2.37938,-2.25014,-1.57160,1.57599
-1.66399,-0.13738,2.37915,-2.25074,-1.57374,1.57591
-1.66303,-0.13690,2.37892,-2.25134,-1.57589,1.57583
-1.66208,-0.13657,2.37868,-2.25158,-1.57802,1.57596
-1.66112,-0.13624,2.37843,-2.25181,-1.58015,1.57610
-1.66040,-0.13615,2.37824,-2.25167,-1.58190,1.57653
-1.65967,-0.13606,2.37805,-2.25153,-1.58365,1.57696
-1.65876,-0.13568,2.37782,-2.25190,-1.58570,1.57696
-1.65784,-0.13531,2.37758,-2.25226,-1.58776,1.57695
-1.65696,-0.13502,2.37735,-2.25243,-1.58973,1.57702
-1.65608,-0.13473,2.37710,-2.25260,-1.59170,1.57710
-1.65514,-0.13451,2.37684,-2.25256,-1.59379,1.57730
-1.65420,-0.13428,2.37657,-2.25252,-1.59588,1.57751
-1.65327,-0.13371,2.37636,-2.25336,-1.59798,1.57756
-1.65234,-0.13313,2.37615,-2.25420,-1.60008,1.57760
-1.65142,-0.13288,2.37589,-2.25423,-1.60211,1.57773
-1.65051,-0.13263,2.37563,-2.25426,-1.60415,1.57785
-1.64959,-0.13242,2.37536,-2.25417,-1.60620,1.57794
-1.64867,-0.13221,2.37508,-2.25408,-1.60826,1.57803
-1.64818,-0.13212,2.37492,-2.25404,-1.60937,1.57791
-1.64769,-0.13202,2.37475,-2.25400,-1.61048,1.57778
-1.64718,-0.13190,2.37458,-2.25399,-1.61161,1.57764
-1.64667,-0.13178,2.37440,-2.25398,-1.61275,1.57750
-1.64615,-0.13170,2.37421,-2.25387,-1.61390,1.57731
-1.64563,-0.13162,2.37403,-2.25376,-1.61506,1.57713
-1.64522,-0.13059,2.37398,-2.25604,-1.61598,1.57590
-1.64481,-0.12957,2.37393,-2.25831,-1.61690,1.57466
-1.64357,-0.12946,2.37338,-2.25738,-1.61915,1.57401
-1.64232,-0.12935,2.37283,-2.25646,-1.62140,1.57335
-1.64181,-0.12925,2.37265,-2.25642,-1.62252,1.57217
-1.64130,-0.12915,2.37246,-2.25639,-1.62363,1.57100
-1.64067,-0.12865,2.37230,-2.25724,-1.62491,1.56954
-1.64004,-0.12815,2.37213,-2.25810,-1.62618,1.56808
-1.63942,-0.12819,2.37188,-2.25758,-1.62751,1.56653
-1.63880,-0.12822,2.37163,-2.25707,-1.62885,1.56498
-1.63828,-0.12814,2.37145,-2.25698,-1.63001,1.56324
-1.63777,-0.12807,2.37127,-2.25690,-1.63117,1.56151
-1.63713,-0.12804,2.37102,-2.25650,-1.63253,1.55991
-1.63649,-0.12802,2.37076,-2.25611,-1.63389,1.55831
-1.63574,-0.12791,2.37048,-2.25583,-1.63542,1.55675
-1.63500,-0.12780,2.37019,-2.25556,-1.63695,1.55518
-1.63434,-0.12774,2.36994,-2.25524,-1.63834,1.55356
-1.63369,-0.12768,2.36968,-2.25492,-1.63973,1.55193
-1.63315,-0.12727,2.36955,-2.25567,-1.64095,1.55036
-1.63261,-0.12687,2.36943,-2.25643,-1.64216,1.54879
-1.63192,-0.12669,2.36916,-2.25635,-1.64355,1.54719
-1.63123,-0.12651,2.36890,-2.25628,-1.64495,1.54558
-1.63057,-0.12609,2.36871,-2.25693,-1.64633,1.54395
-1.62992,-0.12566,2.36852,-2.25759,-1.64771,1.54232
-1.62936,-0.12535,2.36836,-2.25804,-1.64895,1.54070
-1.62880,-0.12505,2.36820,-2.25849,-1.65019,1.53907
-1.62807,-0.12485,2.36792,-2.25844,-1.65168,1.53743
-1.62734,-0.12465,2.36765,-2.25838,-1.65318,1.53578
-1.62667,-0.12428,2.36744,-2.25889,-1.65461,1.53416
-1.62600,-0.12390,2.36724,-2.25940,-1.65604,1.53254
-1.62544,-0.12304,2.36714,-2.26123,-1.65728,1.53094
-1.62488,-0.12217,2.36704,-2.26307,-1.65852,1.52934
-1.62437,-0.12222,2.36684,-2.26266,-1.65969,1.52770
-1.62387,-0.12226,2.36664,-2.26225,-1.66085,1.52605
-1.62299,-0.12179,2.36639,-2.26284,-1.66257,1.52496
-1.62212,-0.12132,2.36613,-2.26343,-1.66428,1.52386
-1.62158,-0.12072,2.36601,-2.26463,-1.66547,1.52262
-1.62104,-0.12012,2.36589,-2.26583,-1.66665,1.52138
-1.62073,-0.11914,2.36591,-2.26822,-1.66756,1.51995
-1.62041,-0.11816,2.36592,-2.27060,-1.66847,1.51852
-1.61990,-0.11757,2.36580,-2.27179,-1.66963,1.51733
-1.61939,-0.11698,2.36568,-2.27297,-1.67080,1.51613
-1.61891,-0.11639,2.36560,-2.27425,-1.67193,1.51517
-1.61843,-0.11581,2.36552,-2.27552,-1.67305,1.51421
-1.61760,-0.11496,2.36535,-2.27715,-1.67470,1.51318
-1.61678,-0.11411,2.36517,-2.27878,-1.67635,1.51215
-1.61590,-0.11377,2.36492,-2.27909,-1.67805,1.51118
-1.61502,-0.11342,2.36466,-2.27941,-1.67975,1.51021
-1.61451,-0.11231,2.36463,-2.28199,-1.68095,1.50941
-1.61400,-0.11120,2.36461,-2.28457,-1.68215,1.50862
-1.61370,-0.11081,2.36445,-2.28523,-1.68300,1.50788
-1.61339,-0.11042,2.36429,-2.28590,-1.68385,1.50714
-1.61263,-0.10976,2.36410,-2.28707,-1.68540,1.50685
-1.61187,-0.10911,2.36391,-2.28825,-1.68695,1.50656
-1.61146,-0.10848,2.36383,-2.28961,-1.68797,1.50614
-1.61105,-0.10785,2.36374,-2.29097,-1.68900,1.50572
-1.61070,-0.10749,2.36363,-2.29170,-1.68995,1.50440
-1.61034,-0.10712,2.36352,-2.29244,-1.69090,1.50308
-1.60975,-0.10652,2.36336,-2.29356,-1.69220,1.50243
-1.60916,-0.10592,2.36320,-2.29468,-1.69351,1.50178
-1.60829,-0.10541,2.36292,-2.29531,-1.69522,1.50116
-1.60743,-0.10491,2.36264,-2.29594,-1.69693,1.50055
-1.60695,-0.10420,2.36251,-2.29740,-1.69806,1.49966
-1.60648,-0.10349,2.36239,-2.29886,-1.69918,1.49877
-1.60608,-0.10298,2.36230,-2.29997,-1.70022,1.49808
-1.60567,-0.10247,2.36222,-2.30108,-1.70125,1.49738
-1.60493,-0.10179,2.36198,-2.30221,-1.70280,1.49678
-1.60419,-0.10110,2.36173,-2.30335,-1.70435,1.49617
-1.60370,-0.10111,2.36152,-2.30299,-1.70547,1.49595
-1.60322,-0.10112,2.36132,-2.30262,-1.70659,1.49573
-1.60253,-0.10014,2.36117,-2.30466,-1.70808,1.49522
-1.60184,-0.09915,2.36102,-2.30670,-1.70957,1.49470
-1.60149,-0.09967,2.36082,-2.30522,-1.71046,1.49451
-1.60114,-0.10018,2.36062,-2.30375,-1.71135,1.49433
-1.60044,-0.09999,2.36025,-2.30344,-1.71279,1.49415
-1.59974,-0.09980,2.35987,-2.30313,-1.71423,1.49397
-1.59912,-0.09782,2.35999,-2.30808,-1.71566,1.49292
-1.59851,-0.09584,2.36011,-2.31303,-1.71708,1.49185
-1.59792,-0.09542,2.35990,-2.31367,-1.71842,1.49157
-1.59733,-0.09500,2.35970,-2.31431,-1.71975,1.49127
-1.59689,-0.09457,2.35953,-2.31504,-1.72084,1.49074
-1.59645,-0.09414,2.35937,-2.31577,-1.72194,1.49021
-1.59584,-0.09369,2.35913,-2.31640,-1.72327,1.49000
-1.59523,-0.09324,2.35890,-2.31702,-1.72460,1.48978
-1.59466,-0.09288,2.35868,-2.31748,-1.72590,1.48959
-1.59409,-0.09253,2.35847,-2.31793,-1.72720,1.48939
-1.59352,-0.09219,2.35826,-2.31836,-1.72848,1.48919
-1.59296,-0.09185,2.35805,-2.31880,-1.72976,1.48899
-1.59240,-0.09151,2.35783,-2.31923,-1.73104,1.48880
-1.59183,-0.09116,2.35762,-2.31966,-1.73232,1.48862
-1.59126,-0.09081,2.35741,-2.32011,-1.73362,1.48839
-1.59069,-0.09046,2.35719,-2.32057,-1.73492,1.48817
-1.59013,-0.09011,2.35698,-2.32102,-1.73620,1.48796
-1.58957,-0.08976,2.35677,-2.32147,-1.73747,1.48775
-1.58867,-0.08889,2.35630,-2.32312,-1.73951,1.48813
-1.58777,-0.08803,2.35584,-2.32477,-1.74155,1.48850
-1.58688,-0.08719,2.35536,-2.32632,-1.74358,1.48912
-1.58598,-0.08635,2.35488,-2.32787,-1.74561,1.48975
-1.58513,-0.08568,2.35442,-2.32910,-1.74758,1.48988
-1.58428,-0.08501,2.35397,-2.33033,-1.74954,1.49001
-1.58330,-0.08399,2.35351,-2.33235,-1.75171,1.49031
-1.58232,-0.08298,2.35304,-2.33436,-1.75388,1.49061
-1.58138,-0.08191,2.35257,-2.33649,-1.75601,1.49109
-1.58044,-0.08083,2.35210,-2.33862,-1.75815,1.49157
-1.57963,-0.08054,2.35161,-2.33890,-1.76006,1.49230
-1.57883,-0.08025,2.35113,-2.33919,-1.76198,1.49303
-1.57738,-0.07970,2.35042,-2.33954,-1.76486,1.49419
-1.57594,-0.07916,2.34972,-2.33990,-1.76775,1.49536
-1.57499,-0.07837,2.34920,-2.34126,-1.76994,1.49661
-1.57404,-0.07758,2.34868,-2.34261,-1.77213,1.49787
-1.57314,-0.07683,2.34816,-2.34390,-1.77416,1.49842
-1.57225,-0.07608,2.34764,-2.34519,-1.77618,1.49897
-1.57138,-0.07506,2.34703,-2.34691,-1.77816,1.49876
-1.57051,-0.07403,2.34642,-2.34864,-1.78013,1.49854
-1.56958,-0.07331,2.34590,-2.34987,-1.78224,1.49917
-1.56865,-0.07258,2.34538,-2.35111,-1.78434,1.49979
-1.56772,-0.07186,2.34485,-2.35234,-1.78645,1.50040
-1.56679,-0.07113,2.34432,-2.35356,-1.78857,1.50100
-1.56591,-0.07044,2.34380,-2.35472,-1.79062,1.50186
-1.56503,-0.06975,2.34328,-2.35588,-1.79268,1.50272
-1.56412,-0.06920,2.34278,-2.35679,-1.79475,1.50334
-1.56321,-0.06864,2.34227,-2.35770,-1.79683,1.50395
-1.56224,-0.06768,2.34169,-2.35935,-1.79899,1.50421
-1.56127,-0.06672,2.34110,-2.36100,-1.80116,1.50446
-1.56037,-0.06624,2.34056,-2.36164,-1.80323,1.50504
-1.55946,-0.06576,2.34001,-2.36227,-1.80530,1.50563
-1.55854,-0.06475,2.33946,-2.36411,-1.80741,1.50615
-1.55762,-0.06375,2.33889,-2.36595,-1.80952,1.50667
-1.55670,-0.06318,2.33842,-2.36697,-1.81163,1.50720
-1.55578,-0.06262,2.33794,-2.36798,-1.81374,1.50773
-1.55486,-0.06183,2.33740,-2.36935,-1.81586,1.50822
-1.55394,-0.06104,2.33685,-2.37071,-1.81798,1.50870
-1.55311,-0.06032,2.33626,-2.37185,-1.81997,1.50958
-1.55229,-0.05959,2.33568,-2.37298,-1.82196,1.51045
-1.55149,-0.05874,2.33514,-2.37454,-1.82392,1.51094
-1.55068,-0.05789,2.33460,-2.37609,-1.82588,1.51143
-1.54981,-0.05720,2.33405,-2.37723,-1.82797,1.51183
-1.54893,-0.05651,2.33349,-2.37837,-1.83005,1.51224
-1.54794,-0.05576,2.33293,-2.37965,-1.83226,1.51274
-1.54694,-0.05500,2.33236,-2.38094,-1.83447,1.51324
-1.54591,-0.05417,2.33175,-2.38228,-1.83677,1.51396
-1.54489,-0.05335,2.33113,-2.38361,-1.83908,1.51468
-1.54396,-0.05250,2.33054,-2.38508,-1.84123,1.51482
-1.54304,-0.05165,2.32996,-2.38655,-1.84337,1.51496
-1.54198,-0.05073,2.32929,-2.38804,-1.84571,1.51511
-1.54092,-0.04980,2.32862,-2.38952,-1.84805,1.51526
-1.54007,-0.04922,2.32806,-2.39039,-1.85013,1.51627
-1.53922,-0.04865,2.32749,-2.39126,-1.85220,1.51728
-1.53808,-0.04768,2.32684,-2.39288,-1.85467,1.51733
-1.53695,-0.04672,2.32618,-2.39450,-1.85713,1.51738
-1.53614,-0.04631,2.32561,-2.39497,-1.85915,1.51833
-1.53533,-0.04590,2.32505,-2.39545,-1.86116,1.51928
-1.53429,-0.04534,2.32438,-2.39605,-1.86355,1.52010
-1.53326,-0.04478,2.32370,-2.39666,-1.86593,1.52092
-1.53237,-0.04419,2.32306,-2.39740,-1.86803,1.52120
-1.53148,-0.04359,2.32241,-2.39814,-1.87012,1.52147
-1.53059,-0.04284,2.32180,-2.39939,-1.87221,1.52137
-1.52969,-0.04208,2.32119,-2.40065,-1.87430,1.52127
-1.52867,-0.04176,2.32055,-2.40073,-1.87663,1.52180
-1.52765,-0.04143,2.31990,-2.40082,-1.87895,1.52234
-1.52686,-0.04125,2.31930,-2.40068,-1.88091,1.52303
-1.52608,-0.04106,2.31870,-2.40054,-1.88287,1.52373
-1.52515,-0.04087,2.31811,-2.40043,-1.88501,1.52405
-1.52423,-0.04067,2.31751,-2.40032,-1.88715,1.52438
-1.52341,-0.04025,2.31683,-2.40057,-1.88919,1.52492
-1.52260,-0.03983,2.31614,-2.40081,-1.89122,1.52546
-1.52173,-0.03940,2.31550,-2.40119,-1.89329,1.52587
-1.52086,-0.03897,2.31486,-2.40157,-1.89537,1.52628
-1.51993,-0.03867,2.31421,-2.40160,-1.89756,1.52692
-1.51901,-0.03837,2.31356,-2.40163,-1.89976,1.52755
-1.51812,-0.03799,2.31289,-2.40180,-1.90196,1.52795
-1.51723,-0.03762,2.31223,-2.40197,-1.90416,1.52834
-1.51625,-0.03731,2.31158,-2.40205,-1.90639,1.52871
-1.51527,-0.03699,2.31093,-2.40213,-1.90862,1.52907
-1.51421,-0.03670,2.31024,-2.40209,-1.91103,1.52928
-1.51316,-0.03640,2.30956,-2.40205,-1.91344,1.52948
-1.51246,-0.03617,2.30891,-2.40192,-1.91528,1.52996
-1.51176,-0.03595,2.30826,-2.40178,-1.91711,1.53044
-1.51073,-0.03589,2.30760,-2.40120,-1.91952,1.53071
-1.50969,-0.03582,2.30693,-2.40063,-1.92194,1.53099
-1.50873,-0.03529,2.30619,-2.40105,-1.92420,1.53119
-1.50777,-0.03476,2.30545,-2.40147,-1.92647,1.53140
-1.50696,-0.03452,2.30484,-2.40142,-1.92844,1.53165
-1.50616,-0.03428,2.30423,-2.40136,-1.93041,1.53190
-1.50515,-0.03414,2.30357,-2.40095,-1.93272,1.53184
-1.50414,-0.03401,2.30290,-2.40055,-1.93502,1.53178
-1.50336,-0.03348,2.30230,-2.40131,-1.93699,1.53218
-1.50258,-0.03295,2.30170,-2.40206,-1.93896,1.53259
-1.50168,-0.03246,2.30097,-2.40239,-1.94109,1.53224
-1.50079,-0.03197,2.30023,-2.40271,-1.94321,1.53188
-1.49991,-0.03166,2.29958,-2.40275,-1.94536,1.53211
-1.49903,-0.03135,2.29892,-2.40279,-1.94750,1.53234
-1.49826,-0.03135,2.29836,-2.40229,-1.94946,1.53250
-1.49750,-0.03135,2.29779,-2.40179,-1.95142,1.53266
-1.49671,-0.03172,2.29720,-2.39996,-1.95330,1.53351
-1.49592,-0.03208,2.29659,-2.39812,-1.95518,1.53436
-1.49518,-0.03275,2.29617,-2.39592,-1.95691,1.53423
-1.49444,-0.03342,2.29575,-2.39373,-1.95864,1.53410
-1.49375,-0.03358,2.29523,-2.39264,-1.96029,1.53373
-1.49306,-0.03373,2.29472,-2.39155,-1.96195,1.53335
-1.49240,-0.03367,2.29414,-2.39085,-1.96359,1.53309
-1.49173,-0.03360,2.29356,-2.39015,-1.96524,1.53284
-1.49090,-0.03412,2.29301,-2.38802,-1.96723,1.53373
-1.49007,-0.03465,2.29246,-2.38588,-1.96921,1.53462
-1.48954,-0.03532,2.29197,-2.38347,-1.97073,1.53591
-1.48901,-0.03600,2.29148,-2.38105,-1.97224,1.53720
-1.48812,-0.03673,2.29098,-2.37848,-1.97423,1.53796
-1.48722,-0.03745,2.29048,-2.37591,-1.97622,1.53873
-1.48656,-0.03764,2.28993,-2.37461,-1.97786,1.53873
-1.48590,-0.03782,2.28937,-2.37331,-1.97951,1.53873
-1.48496,-0.03842,2.28884,-2.37102,-1.98164,1.53944
-1.48402,-0.03903,2.28832,-2.36872,-1.98377,1.54016
-1.48337,-0.03953,2.28781,-2.36671,-1.98541,1.54072
-1.48272,-0.04004,2.28730,-2.36470,-1.98704,1.54128
-1.48211,-0.04033,2.28673,-2.36310,-1.98867,1.54187
-1.48151,-0.04062,2.28617,-2.36149,-1.99030,1.54246
-1.48063,-0.04111,2.28570,-2.35962,-1.99225,1.54266
-1.47976,-0.04160,2.28523,-2.35774,-1.99421,1.54286
-1.47914,-0.04203,2.28471,-2.35591,-1.99581,1.54333
-1.47853,-0.04245,2.28418,-2.35407,-1.99741,1.54380
-1.47782,-0.04295,2.28367,-2.35207,-1.99915,1.54433
-1.47711,-0.04344,2.28316,-2.35006,-2.00089,1.54485
-1.47647,-0.04387,2.28258,-2.34804,-2.00257,1.54555
-1.47584,-0.04430,2.28199,-2.34602,-2.00423,1.54624
-1.47510,-0.04480,2.28145,-2.34392,-2.00606,1.54679
-1.47436,-0.04529,2.28090,-2.34183,-2.00788,1.54735
-1.47364,-0.04570,2.28044,-2.34017,-2.00961,1.54717
-1.47291,-0.04611,2.27997,-2.33851,-2.01134,1.54699
-1.47224,-0.04657,2.27939,-2.33639,-2.01307,1.54806
-1.47157,-0.04704,2.27880,-2.33427,-2.01480,1.54913
-1.47089,-0.04742,2.27828,-2.33253,-2.01647,1.54942
-1.47022,-0.04779,2.27776,-2.33079,-2.01814,1.54972
-1.46940,-0.04841,2.27730,-2.32857,-2.02003,1.55039
-1.46858,-0.04903,2.27683,-2.32635,-2.02192,1.55108
-1.46795,-0.04908,2.27630,-2.32545,-2.02353,1.55079
-1.46732,-0.04912,2.27576,-2.32456,-2.02514,1.55050
-1.46671,-0.04918,2.27525,-2.32365,-2.02664,1.54999
-1.46611,-0.04925,2.27474,-2.32275,-2.02815,1.54947
-1.46550,-0.04932,2.27420,-2.32178,-2.02973,1.54928
-1.46489,-0.04939,2.27366,-2.32081,-2.03131,1.54908
-1.46433,-0.04943,2.27316,-2.31998,-2.03273,1.54824
-1.46377,-0.04947,2.27265,-2.31916,-2.03415,1.54739
-1.46318,-0.04951,2.27214,-2.31833,-2.03565,1.54713
-1.46260,-0.04954,2.27161,-2.31749,-2.03715,1.54686
-1.46217,-0.04931,2.27103,-2.31719,-2.03841,1.54714
-1.46174,-0.04908,2.27045,-2.31689,-2.03967,1.54743
-1.46114,-0.04915,2.26995,-2.31603,-2.04118,1.54753
-1.46055,-0.04922,2.26946,-2.31518,-2.04270,1.54764
-1.46000,-0.04905,2.26894,-2.31485,-2.04412,1.54691
-1.45945,-0.04889,2.26842,-2.31453,-2.04554,1.54618
-1.45875,-0.04890,2.26792,-2.31381,-2.04728,1.54725
-1.45806,-0.04892,2.26742,-2.31309,-2.04903,1.54833
-1.45749,-0.04897,2.26685,-2.31209,-2.05049,1.54760
-1.45693,-0.04901,2.26628,-2.31110,-2.05196,1.54687
-1.45636,-0.04887,2.26578,-2.31078,-2.05343,1.54663
-1.45579,-0.04872,2.26527,-2.31047,-2.05489,1.54638
-1.45517,-0.04865,2.26481,-2.31006,-2.05648,1.54703
-1.45455,-0.04858,2.26434,-2.30964,-2.05806,1.54767
-1.45386,-0.04895,2.26379,-2.30783,-2.05978,1.54817
-1.45318,-0.04931,2.26324,-2.30602,-2.06150,1.54867
-1.45249,-0.04967,2.26271,-2.30428,-2.06326,1.54918
-1.45179,-0.05003,2.26219,-2.30255,-2.06503,1.54969
-1.45111,-0.05039,2.26163,-2.30074,-2.06675,1.55019
-1.45043,-0.05074,2.26107,-2.29892,-2.06846,1.55070
-1.44975,-0.05119,2.26046,-2.29669,-2.07021,1.55126
-1.44907,-0.05164,2.25984,-2.29446,-2.07196,1.55183
-1.44847,-0.05173,2.25929,-2.29340,-2.07351,1.55196
-1.44786,-0.05181,2.25874,-2.29233,-2.07506,1.55210
-1.44726,-0.05170,2.25820,-2.29183,-2.07662,1.55190
-1.44667,-0.05158,2.25766,-2.29132,-2.07818,1.55170
-1.44600,-0.05188,2.25713,-2.28973,-2.07988,1.55198
-1.44533,-0.05218,2.25660,-2.28813,-2.08158,1.55225
-1.44467,-0.05248,2.25596,-2.28622,-2.08331,1.55260
-1.44401,-0.05278,2.25532,-2.28432,-2.08504,1.55295
-1.44334,-0.05311,2.25475,-2.28249,-2.08676,1.55357
-1.44267,-0.05345,2.25417,-2.28066,-2.08848,1.55420
-1.44200,-0.05372,2.25361,-2.27905,-2.09018,1.55455
-1.44133,-0.05399,2.25306,-2.27744,-2.09188,1.55490
-1.44070,-0.05430,2.25249,-2.27570,-2.09354,1.55526
-1.44007,-0.05460,2.25192,-2.27396,-2.09519,1.55561
-1.43943,-0.05481,2.25136,-2.27252,-2.09685,1.55558
-1.43879,-0.05501,2.25080,-2.27107,-2.09850,1.55555
-1.43813,-0.05523,2.25022,-2.26953,-2.10018,1.55544
-1.43747,-0.05546,2.24965,-2.26799,-2.10186,1.55534
-1.43692,-0.05586,2.24908,-2.26595,-2.10339,1.55608
-1.43637,-0.05627,2.24852,-2.26392,-2.10492,1.55682
-1.43577,-0.05649,2.24795,-2.26237,-2.10653,1.55706
-1.43517,-0.05671,2.24737,-2.26081,-2.10814,1.55730
-1.43461,-0.05704,2.24677,-2.25891,-2.10966,1.55726
-1.43405,-0.05736,2.24618,-2.25701,-2.11118,1.55722
-1.43342,-0.05759,2.24559,-2.25540,-2.11285,1.55750
-1.43279,-0.05782,2.24501,-2.25380,-2.11451,1.55777
-1.43215,-0.05806,2.24442,-2.25218,-2.11619,1.55806
-1.43151,-0.05829,2.24383,-2.25056,-2.11787,1.55834
-1.43140,-0.05782,2.24383,-2.25169,-2.11822,1.55933
-1.43128,-0.05734,2.24382,-2.25281,-2.11857,1.56031
-1.43112,-0.05664,2.24375,-2.25439,-2.11903,1.56012
-1.43096,-0.05594,2.24368,-2.25597,-2.11948,1.55994
-1.43075,-0.05530,2.24365,-2.25748,-2.12000,1.55990
-1.43053,-0.05465,2.24362,-2.25899,-2.12052,1.55987
-1.43037,-0.05395,2.24353,-2.26049,-2.12101,1.55981
-1.43021,-0.05325,2.24344,-2.26200,-2.12150,1.55975
-1.42999,-0.05266,2.24342,-2.26342,-2.12203,1.55990
-1.42977,-0.05206,2.24339,-2.26484,-2.12256,1.56003
-1.42963,-0.05133,2.24331,-2.26647,-2.12296,1.55997
-1.42950,-0.05061,2.24324,-2.26810,-2.12336,1.55991
-1.42932,-0.04997,2.24315,-2.26946,-2.12390,1.56012
-1.42914,-0.04933,2.24306,-2.27083,-2.12444,1.56034
-1.42894,-0.04870,2.24301,-2.27225,-2.12495,1.56067
-1.42875,-0.04808,2.24295,-2.27366,-2.12547,1.56099
-1.42855,-0.04741,2.24288,-2.27517,-2.12600,1.56111
-1.42836,-0.04673,2.24281,-2.27669,-2.12652,1.56122
-1.42819,-0.04602,2.24272,-2.27828,-2.12702,1.56141
-1.42802,-0.04531,2.24263,-2.27987,-2.12751,1.56160
-1.42782,-0.04457,2.24255,-2.28151,-2.12805,1.56147
-1.42762,-0.04384,2.24246,-2.28314,-2.12859,1.56134
-1.42736,-0.04344,2.24248,-2.28415,-2.12916,1.56197
-1.42710,-0.04304,2.24249,-2.28515,-2.12973,1.56260
-1.42699,-0.04210,2.24235,-2.28724,-2.13016,1.56240
-1.42689,-0.04115,2.24221,-2.28933,-2.13059,1.56221
-1.42670,-0.04051,2.24216,-2.29083,-2.13110,1.56239
-1.42651,-0.03986,2.24210,-2.29233,-2.13161,1.56258
-1.42631,-0.03917,2.24199,-2.29380,-2.13215,1.56268
-1.42612,-0.03848,2.24188,-2.29527,-2.13269,1.56277
-1.42595,-0.03783,2.24184,-2.29682,-2.13316,1.56299
-1.42577,-0.03719,2.24179,-2.29837,-2.13364,1.56320
-1.42549,-0.03656,2.24169,-2.29970,-2.13431,1.56329
-1.42522,-0.03593,2.24159,-2.30102,-2.13499,1.56339
-1.42511,-0.03514,2.24150,-2.30287,-2.13538,1.56338
-1.42500,-0.03434,2.24142,-2.30471,-2.13576,1.56338
-1.42473,-0.03370,2.24132,-2.30611,-2.13641,1.56337
-1.42446,-0.03306,2.24123,-2.30752,-2.13707,1.56336
-1.42424,-0.03234,2.24113,-2.30915,-2.13763,1.56351
-1.42403,-0.03162,2.24104,-2.31077,-2.13819,1.56365
-1.42382,-0.03090,2.24093,-2.31236,-2.13875,1.56364
-1.42362,-0.03019,2.24083,-2.31395,-2.13930,1.56362
-1.42350,-0.02937,2.24072,-2.31582,-2.13971,1.56362
-1.42337,-0.02855,2.24061,-2.31769,-2.14013,1.56362
-1.42305,-0.02804,2.24050,-2.31868,-2.14086,1.56315
-1.42274,-0.02753,2.24039,-2.31967,-2.14158,1.56268
-1.42253,-0.02678,2.24028,-2.32131,-2.14215,1.56264
-1.42233,-0.02604,2.24016,-2.32296,-2.14272,1.56261
-1.42221,-0.02539,2.24008,-2.32446,-2.14315,1.56279
-1.42209,-0.02474,2.24001,-2.32596,-2.14359,1.56296
-1.42189,-0.02390,2.23985,-2.32779,-2.14412,1.56262
-1.42170,-0.02305,2.23968,-2.32962,-2.14464,1.56227
-1.42139,-0.02336,2.23960,-2.32828,-2.14549,1.56400
-1.42108,-0.02368,2.23951,-2.32693,-2.14633,1.56572
-1.42079,-0.02407,2.23941,-2.32532,-2.14710,1.56727
-1.42050,-0.02446,2.23931,-2.32372,-2.14787,1.56881
-1.42032,-0.02495,2.23928,-2.32196,-2.14844,1.57032
-1.42014,-0.02545,2.23924,-2.32020,-2.14901,1.57183
-1.41988,-0.02591,2.23922,-2.31862,-2.14967,1.57282
-1.41962,-0.02636,2.23919,-2.31704,-2.15032,1.57380
-1.41938,-0.02673,2.23910,-2.31552,-2.15102,1.57535
-1.41914,-0.02709,2.23901,-2.31400,-2.15172,1.57690
-1.41894,-0.02750,2.23894,-2.31243,-2.15231,1.57833
-1.41874,-0.02790,2.23886,-2.31086,-2.15289,1.57976
-1.41847,-0.02823,2.23878,-2.30948,-2.15364,1.58076
-1.41819,-0.02857,2.23871,-2.30810,-2.15438,1.58176
-1.41799,-0.02904,2.23868,-2.30645,-2.15497,1.58305
-1.41780,-0.02952,2.23865,-2.30480,-2.15555,1.58433
-1.41749,-0.02977,2.23851,-2.30350,-2.15634,1.58531
-1.41718,-0.03002,2.23837,-2.30221,-2.15713,1.58630
-1.41697,-0.02976,2.23826,-2.30246,-2.15771,1.58640
-1.41677,-0.02950,2.23814,-2.30272,-2.15829,1.58651
-1.41656,-0.02924,2.23802,-2.30298,-2.15885,1.58661
-1.41636,-0.02898,2.23791,-2.30323,-2.15942,1.58671
-1.41616,-0.02872,2.23779,-2.30347,-2.15998,1.58682
-1.41596,-0.02847,2.23768,-2.30371,-2.16054,1.58694
-1.41571,-0.02874,2.23759,-2.30253,-2.16120,1.58752
-1.41547,-0.02901,2.23750,-2.30136,-2.16186,1.58811
-1.41511,-0.02936,2.23725,-2.29947,-2.16276,1.58920
-1.41476,-0.02972,2.23700,-2.29758,-2.16367,1.59029
-1.41467,-0.02989,2.23703,-2.29698,-2.16406,1.59056
-1.41458,-0.03007,2.23705,-2.29638,-2.16445,1.59084
-1.41432,-0.03048,2.23701,-2.29491,-2.16516,1.59153
-1.41405,-0.03089,2.23696,-2.29343,-2.16586,1.59223
-1.41381,-0.03109,2.23682,-2.29227,-2.16656,1.59285
-1.41356,-0.03129,2.23667,-2.29112,-2.16726,1.59348
-1.41330,-0.03104,2.23651,-2.29122,-2.16801,1.59378
-1.41303,-0.03079,2.23635,-2.29132,-2.16876,1.59407
-1.41277,-0.03055,2.23620,-2.29142,-2.16948,1.59435
-1.41252,-0.03031,2.23604,-2.29151,-2.17020,1.59464
-1.41226,-0.03007,2.23589,-2.29158,-2.17094,1.59496
-1.41200,-0.02984,2.23573,-2.29164,-2.17167,1.59528
-1.41175,-0.02962,2.23559,-2.29169,-2.17237,1.59556
-1.41150,-0.02940,2.23544,-2.29173,-2.17308,1.59585
-1.41125,-0.02906,2.23524,-2.29197,-2.17380,1.59618
-1.41100,-0.02873,2.23504,-2.29220,-2.17452,1.59651
-1.41074,-0.02852,2.23491,-2.29225,-2.17526,1.59678
-1.41048,-0.02832,2.23478,-2.29230,-2.17600,1.59704
-1.41023,-0.02806,2.23462,-2.29245,-2.17671,1.59726
-1.40997,-0.02780,2.23447,-2.29261,-2.17741,1.59748
-1.40990,-0.02822,2.23421,-2.29162,-2.17766,1.59814
-1.40982,-0.02864,2.23394,-2.29063,-2.17791,1.59880
-1.40971,-0.03027,2.23372,-2.28628,-2.17830,1.60074
-1.40960,-0.03190,2.23350,-2.28192,-2.17867,1.60268
-1.40950,-0.03224,2.23323,-2.28113,-2.17896,1.60344
-1.40941,-0.03257,2.23296,-2.28035,-2.17925,1.60419
-1.40915,-0.03412,2.23258,-2.27575,-2.17986,1.60574
-1.40890,-0.03567,2.23221,-2.27114,-2.18046,1.60728
-1.40881,-0.03714,2.23191,-2.26699,-2.18082,1.60897
-1.40872,-0.03862,2.23161,-2.26285,-2.18117,1.61067
-1.40867,-0.04024,2.23137,-2.25843,-2.18137,1.61184
-1.40863,-0.04186,2.23113,-2.25401,-2.18157,1.61302
-1.40858,-0.04343,2.23094,-2.24991,-2.18185,1.61461
-1.40852,-0.04500,2.23075,-2.24581,-2.18212,1.61620
-1.40837,-0.04620,2.23030,-2.24199,-2.18258,1.61787
-1.40821,-0.04741,2.22984,-2.23817,-2.18304,1.61954
-1.40809,-0.04871,2.22945,-2.23428,-2.18343,1.62120
-1.40796,-0.05000,2.22905,-2.23040,-2.18382,1.62287
-1.40802,-0.05144,2.22885,-2.22664,-2.18394,1.62431
-1.40808,-0.05289,2.22865,-2.22288,-2.18406,1.62575
-1.40786,-0.05425,2.22825,-2.21876,-2.18455,1.62691
-1.40764,-0.05562,2.22785,-2.21463,-2.18505,1.62807
-1.40751,-0.05716,2.22752,-2.21023,-2.18540,1.62992
-1.40738,-0.05870,2.22719,-2.20582,-2.18574,1.63177
-1.40729,-0.05949,2.22682,-2.20348,-2.18605,1.63245
-1.40720,-0.06027,2.22645,-2.20113,-2.18635,1.63314
-1.40717,-0.06087,2.22622,-2.19974,-2.18657,1.63359
-1.40714,-0.06148,2.22600,-2.19835,-2.18679,1.63404
-1.40697,-0.06257,2.22552,-2.19477,-2.18722,1.63523
-1.40680,-0.06367,2.22503,-2.19118,-2.18765,1.63642
-1.40669,-0.06451,2.22468,-2.18869,-2.18801,1.63695
-1.40658,-0.06535,2.22432,-2.18620,-2.18837,1.63749
-1.40667,-0.06607,2.22411,-2.18451,-2.18840,1.63781
-1.40676,-0.06679,2.22389,-2.18283,-2.18843,1.63813
-1.40647,-0.06793,2.22340,-2.17909,-2.18904,1.63890
-1.40619,-0.06907,2.22291,-2.17535,-2.18964,1.63967
-1.40630,-0.07000,2.22269,-2.17301,-2.18961,1.64046
-1.40640,-0.07094,2.22247,-2.17066,-2.18958,1.64126
-1.40619,-0.07163,2.22203,-2.16838,-2.19006,1.64167
-1.40598,-0.07233,2.22160,-2.16609,-2.19055,1.64208
-1.40586,-0.07344,2.22122,-2.16279,-2.19088,1.64243
-1.40574,-0.07454,2.22084,-2.15948,-2.19121,1.64278
-1.40568,-0.07529,2.22048,-2.15725,-2.19150,1.64350
-1.40562,-0.07603,2.22013,-2.15501,-2.19180,1.64422
-1.40541,-0.07674,2.21962,-2.15247,-2.19230,1.64483
-1.40520,-0.07745,2.21911,-2.14993,-2.19279,1.64545
-1.40521,-0.07848,2.21883,-2.14713,-2.19294,1.64583
-1.40522,-0.07952,2.21856,-2.14433,-2.19309,1.64621
-1.40512,-0.08039,2.21815,-2.14161,-2.19342,1.64671
-1.40502,-0.08127,2.21775,-2.13889,-2.19375,1.64722
-1.40489,-0.08229,2.21739,-2.13583,-2.19408,1.64789
-1.40477,-0.08332,2.21702,-2.13276,-2.19441,1.64856
-1.40467,-0.08416,2.21658,-2.13003,-2.19475,1.64907
-1.40456,-0.08499,2.21615,-2.12730,-2.19508,1.64958
-1.40443,-0.08586,2.21571,-2.12446,-2.19546,1.65015
-1.40430,-0.08672,2.21527,-2.12163,-2.19584,1.65072
-1.40417,-0.08759,2.21484,-2.11876,-2.19622,1.65128
-1.40405,-0.08846,2.21440,-2.11590,-2.19660,1.65183
-1.40390,-0.08927,2.21392,-2.11309,-2.19698,1.65248
-1.40375,-0.09007,2.21344,-2.11028,-2.19737,1.65314
-1.40362,-0.09095,2.21298,-2.10737,-2.19774,1.65375
-1.40349,-0.09182,2.21253,-2.10446,-2.19812,1.65436
-1.40337,-0.09271,2.21208,-2.10151,-2.19848,1.65497
-1.40325,-0.09360,2.21164,-2.09857,-2.19884,1.65559
-1.40308,-0.09443,2.21111,-2.09554,-2.19932,1.65643
-1.40290,-0.09526,2.21059,-2.09252,-2.19979,1.65726
-1.40278,-0.09613,2.21012,-2.08958,-2.20017,1.65806
-1.40265,-0.09699,2.20964,-2.08664,-2.20054,1.65885
-1.40251,-0.09780,2.20916,-2.08385,-2.20096,1.65959
-1.40237,-0.09860,2.20868,-2.08105,-2.20138,1.66034
-1.40218,-0.09933,2.20813,-2.07829,-2.20189,1.66115
-1.40199,-0.10005,2.20759,-2.07552,-2.20240,1.66197
-1.40187,-0.10078,2.20713,-2.07301,-2.20275,1.66258
-1.40176,-0.10152,2.20667,-2.07050,-2.20310,1.66318
-1.40176,-0.10263,2.20631,-2.06717,-2.20325,1.66316
-1.40175,-0.10375,2.20595,-2.06383,-2.20341,1.66314
-1.40158,-0.10441,2.20542,-2.06132,-2.20385,1.66456
-1.40141,-0.10507,2.20489,-2.05882,-2.20429,1.66597
-1.40130,-0.10591,2.20440,-2.05592,-2.20463,1.66655
-1.40118,-0.10674,2.20392,-2.05301,-2.20496,1.66712
-1.40107,-0.10750,2.20344,-2.05030,-2.20531,1.66780
-1.40095,-0.10827,2.20295,-2.04760,-2.20566,1.66847
-1.40084,-0.10908,2.20246,-2.04476,-2.20599,1.66912
-1.40074,-0.10988,2.20198,-2.04192,-2.20631,1.66977
-1.40057,-0.11040,2.20138,-2.03952,-2.20678,1.66971
-1.40041,-0.11091,2.20079,-2.03713,-2.20724,1.66965
-1.40035,-0.11174,2.20028,-2.03416,-2.20751,1.67030
-1.40028,-0.11257,2.19977,-2.03120,-2.20777,1.67095
-1.40015,-0.11336,2.19929,-2.02842,-2.20811,1.67149
-1.40003,-0.11415,2.19881,-2.02563,-2.20845,1.67202
-1.39992,-0.11515,2.19835,-2.02237,-2.20873,1.67324
-1.39981,-0.11614,2.19789,-2.01912,-2.20900,1.67446
-1.39968,-0.11691,2.19737,-2.01621,-2.20937,1.67503
-1.39956,-0.11768,2.19685,-2.01330,-2.20973,1.67560
-1.39941,-0.11853,2.19633,-2.01023,-2.21011,1.67616
-1.39926,-0.11937,2.19582,-2.00716,-2.21049,1.67673
-1.39916,-0.12022,2.19530,-2.00403,-2.21081,1.67712
-1.39905,-0.12108,2.19478,-2.00089,-2.21112,1.67752
-1.39898,-0.12172,2.19426,-1.99838,-2.21140,1.67763
-1.39891,-0.12236,2.19374,-1.99587,-2.21169,1.67775
-1.39870,-0.12331,2.19310,-1.99199,-2.21234,1.67812
-1.39848,-0.12425,2.19246,-1.98810,-2.21300,1.67849
-1.39831,-0.12515,2.19189,-1.98449,-2.21357,1.67837
-1.39813,-0.12605,2.19132,-1.98087,-2.21414,1.67826
-1.39788,-0.12697,2.19072,-1.97720,-2.21479,1.67907
-1.39763,-0.12789,2.19012,-1.97353,-2.21543,1.67988
-1.39738,-0.12876,2.18938,-1.96948,-2.21618,1.67913
-1.39714,-0.12962,2.18863,-1.96543,-2.21694,1.67838
-1.39686,-0.13057,2.18794,-1.96139,-2.21771,1.68006
-1.39658,-0.13152,2.18724,-1.95735,-2.21848,1.68174
-1.39637,-0.13233,2.18662,-1.95387,-2.21911,1.68165
-1.39616,-0.13313,2.18600,-1.95040,-2.21975,1.68155
-1.39587,-0.13393,2.18534,-1.94670,-2.22056,1.68112
-1.39558,-0.13472,2.18466,-1.94299,-2.22138,1.68070
-1.39536,-0.13525,2.18405,-1.94040,-2.22201,1.68127
-1.39514,-0.13579,2.18343,-1.93780,-2.22264,1.68185
-1.39478,-0.13621,2.18266,-1.93508,-2.22351,1.68291
-1.39441,-0.13663,2.18188,-1.93236,-2.22439,1.68397
-1.39416,-0.13730,2.18120,-1.92906,-2.22509,1.68456
-1.39392,-0.13798,2.18051,-1.92577,-2.22580,1.68516
-1.39386,-0.13880,2.17986,-1.92223,-2.22625,1.68596
-1.39380,-0.13962,2.17920,-1.91869,-2.22669,1.68675
-1.39346,-0.14012,2.17852,-1.91580,-2.22762,1.68635
-1.39312,-0.14061,2.17784,-1.91292,-2.22856,1.68595
-1.39284,-0.14128,2.17711,-1.90952,-2.22931,1.68659
-1.39255,-0.14194,2.17638,-1.90613,-2.23007,1.68723
-1.39233,-0.14277,2.17559,-1.90202,-2.23076,1.68821
-1.39210,-0.14360,2.17478,-1.89792,-2.23145,1.68919
-1.39186,-0.14430,2.17408,-1.89447,-2.23217,1.68956
-1.39161,-0.14499,2.17336,-1.89102,-2.23289,1.68993
-1.39140,-0.14550,2.17277,-1.88843,-2.23353,1.68978
-1.39119,-0.14601,2.17217,-1.88584,-2.23417,1.68963
-1.39088,-0.14665,2.17147,-1.88253,-2.23496,1.68991
-1.39057,-0.14729,2.17077,-1.87921,-2.23575,1.69019
-1.39042,-0.14816,2.16997,-1.87502,-2.23625,1.69170
-1.39027,-0.14903,2.16916,-1.87083,-2.23674,1.69321
-1.39016,-0.15007,2.16845,-1.86644,-2.23717,1.69423
-1.39006,-0.15110,2.16774,-1.86204,-2.23761,1.69526
-1.38984,-0.15180,2.16702,-1.85859,-2.23827,1.69563
-1.38961,-0.15250,2.16630,-1.85513,-2.23892,1.69599
-1.38940,-0.15326,2.16554,-1.85129,-2.23957,1.69660
-1.38918,-0.15402,2.16479,-1.84745,-2.24022,1.69722
-1.38897,-0.15479,2.16402,-1.84356,-2.24086,1.69782
-1.38875,-0.15555,2.16325,-1.83966,-2.24150,1.69842
-1.38848,-0.15620,2.16243,-1.83588,-2.24223,1.69882
-1.38821,-0.15684,2.16162,-1.83210,-2.24295,1.69923
-1.38807,-0.15770,2.16090,-1.82814,-2.24347,1.69996
-1.38794,-0.15855,2.16017,-1.82419,-2.24398,1.70070
-1.38763,-0.15910,2.15934,-1.82065,-2.24477,1.70095
-1.38733,-0.15964,2.15851,-1.81711,-2.24556,1.70121
-1.38712,-0.16036,2.15772,-1.81326,-2.24621,1.70180
-1.38690,-0.16107,2.15692,-1.80942,-2.24685,1.70240
-1.38669,-0.16179,2.15612,-1.80553,-2.24747,1.70304
-1.38648,-0.16251,2.15531,-1.80164,-2.24810,1.70368
-1.38627,-0.16321,2.15450,-1.79777,-2.24875,1.70428
-1.38605,-0.16391,2.15368,-1.79389,-2.24941,1.70489
-1.38589,-0.16490,2.15283,-1.78902,-2.24996,1.70567
-1.38573,-0.16589,2.15198,-1.78415,-2.25051,1.70646
-1.38546,-0.16649,2.15116,-1.78049,-2.25122,1.70663
-1.38519,-0.16708,2.15033,-1.77682,-2.25194,1.70681
-1.38498,-0.16752,2.14952,-1.77377,-2.25259,1.70771
-1.38476,-0.16795,2.14871,-1.77071,-2.25324,1.70860
-1.38458,-0.16862,2.14787,-1.76685,-2.25382,1.70922
-1.38440,-0.16928,2.14703,-1.76300,-2.25440,1.70984
-1.38426,-0.17029,2.14622,-1.75826,-2.25493,1.71015
-1.38412,-0.17128,2.14541,-1.75352,-2.25545,1.71046
-1.38392,-0.17162,2.14461,-1.75074,-2.25608,1.71080
-1.38372,-0.17196,2.14382,-1.74796,-2.25670,1.71115
-1.38347,-0.17268,2.14305,-1.74397,-2.25742,1.71034
-1.38321,-0.17339,2.14227,-1.73997,-2.25813,1.70954
-1.38296,-0.17404,2.14138,-1.73594,-2.25877,1.71002
-1.38270,-0.17470,2.14050,-1.73191,-2.25941,1.71051
-1.38275,-0.17560,2.13964,-1.72731,-2.25966,1.71104
-1.38279,-0.17650,2.13877,-1.72272,-2.25991,1.71157
-1.38261,-0.17718,2.13793,-1.71877,-2.26049,1.71152
-1.38243,-0.17785,2.13709,-1.71481,-2.26106,1.71148
-1.38215,-0.17867,2.13614,-1.71003,-2.26173,1.71199
-1.38187,-0.17949,2.13517,-1.70524,-2.26240,1.71250
-1.38171,-0.18012,2.13436,-1.70140,-2.26294,1.71243
-1.38156,-0.18075,2.13354,-1.69756,-2.26348,1.71237
-1.38141,-0.18113,2.13278,-1.69458,-2.26414,1.71191
-1.38127,-0.18149,2.13201,-1.69161,-2.26479,1.71144
-1.38142,-0.18298,2.13101,-1.68472,-2.26476,1.71182
-1.38157,-0.18444,2.13000,-1.67784,-2.26473,1.71219
-1.38128,-0.18480,2.12914,-1.67467,-2.26553,1.71250
-1.38100,-0.18516,2.12828,-1.67150,-2.26634,1.71281
-1.38072,-0.18561,2.12737,-1.66774,-2.26707,1.71317
-1.38044,-0.18606,2.12646,-1.66397,-2.26781,1.71354
-1.38029,-0.18673,2.12552,-1.65952,-2.26836,1.71380
-1.38013,-0.18740,2.12458,-1.65506,-2.26891,1.71407
-1.37988,-0.18783,2.12379,-1.65168,-2.26969,1.71350
-1.37963,-0.18827,2.12300,-1.64829,-2.27048,1.71293
-1.37941,-0.18867,2.12224,-1.64531,-2.27115,1.71283
-1.37919,-0.18907,2.12148,-1.64234,-2.27182,1.71273
-1.37908,-0.18969,2.12062,-1.63838,-2.27222,1.71311
-1.37897,-0.19031,2.11977,-1.63443,-2.27262,1.71349
-1.37853,-0.19025,2.11907,-1.63240,-2.27393,1.71161
-1.37809,-0.19020,2.11837,-1.63037,-2.27525,1.70973
-1.37790,-0.19049,2.11772,-1.62800,-2.27585,1.70931
-1.37772,-0.19078,2.11707,-1.62563,-2.27645,1.70890
-1.37758,-0.19076,2.11681,-1.62486,-2.27698,1.70618
-1.37744,-0.19074,2.11656,-1.62409,-2.27751,1.70347
-1.37735,-0.19093,2.11623,-1.62262,-2.27796,1.70213
-1.37725,-0.19112,2.11589,-1.62116,-2.27841,1.70079
-1.37719,-0.19153,2.11529,-1.61860,-2.27850,1.70131
-1.37712,-0.19194,2.11468,-1.61603,-2.27859,1.70184
-1.37701,-0.19216,2.11420,-1.61413,-2.27896,1.70115
-1.37690,-0.19238,2.11372,-1.61223,-2.27932,1.70046
-1.37684,-0.19224,2.11369,-1.61282,-2.27958,1.69780
-1.37678,-0.19210,2.11367,-1.61342,-2.27984,1.69514
-1.37664,-0.19242,2.11297,-1.61072,-2.28040,1.69530
-1.37651,-0.19274,2.11227,-1.60802,-2.28095,1.69546
-1.37622,-0.19254,2.11181,-1.60729,-2.28169,1.69457
-1.37593,-0.19235,2.11135,-1.60655,-2.28242,1.69368
-1.37599,-0.19276,2.11100,-1.60471,-2.28238,1.69226
-1.37604,-0.19318,2.11065,-1.60286,-2.28234,1.69084
-1.37595,-0.19351,2.11005,-1.60048,-2.28262,1.69153
-1.37587,-0.19384,2.10944,-1.59809,-2.28290,1.69223
-1.37559,-0.19385,2.10893,-1.59653,-2.28352,1.69114
-1.37531,-0.19386,2.10842,-1.59497,-2.28414,1.69004
-1.37526,-0.19418,2.10793,-1.59287,-2.28439,1.69017
-1.37521,-0.19451,2.10743,-1.59078,-2.28465,1.69031
-1.37500,-0.19433,2.10710,-1.59046,-2.28526,1.68850
-1.37479,-0.19414,2.10678,-1.59015,-2.28588,1.68670
-1.37461,-0.19432,2.10610,-1.58778,-2.28649,1.68673
-1.37443,-0.19449,2.10542,-1.58542,-2.28710,1.68676
-1.37434,-0.19498,2.10483,-1.58243,-2.28724,1.68749
-1.37424,-0.19547,2.10423,-1.57944,-2.28738,1.68823
-1.37409,-0.19555,2.10378,-1.57809,-2.28791,1.68816
-1.37394,-0.19563,2.10332,-1.57675,-2.28844,1.68809
-1.37379,-0.19555,2.10300,-1.57620,-2.28895,1.68667
-1.37364,-0.19546,2.10268,-1.57565,-2.28945,1.68524
-1.37358,-0.19581,2.10211,-1.57320,-2.28961,1.68531
-1.37352,-0.19616,2.10153,-1.57075,-2.28978,1.68538
-1.37329,-0.19638,2.10081,-1.56817,-2.29042,1.68547
-1.37307,-0.19660,2.10008,-1.56560,-2.29106,1.68557
-1.37295,-0.19654,2.09976,-1.56486,-2.29141,1.68428
-1.37284,-0.19648,2.09943,-1.56412,-2.29175,1.68299
-1.37267,-0.19664,2.09892,-1.56243,-2.29227,1.68240
-1.37250,-0.19679,2.09841,-1.56073,-2.29279,1.68181
-1.37233,-0.19693,2.09778,-1.55865,-2.29322,1.68123
-1.37216,-0.19708,2.09715,-1.55656,-2.29365,1.68064
-1.37210,-0.19728,2.09675,-1.55512,-2.29390,1.68058
-1.37204,-0.19749,2.09635,-1.55368,-2.29414,1.68051
-1.37199,-0.19763,2.09596,-1.55238,-2.29431,1.67939
-1.37194,-0.19778,2.09556,-1.55108,-2.29448,1.67827
-1.37170,-0.19797,2.09487,-1.54853,-2.29508,1.67861
-1.37146,-0.19816,2.09418,-1.54598,-2.29567,1.67895
-1.37140,-0.19829,2.09375,-1.54459,-2.29595,1.67790
-1.37136,-0.19842,2.09333,-1.54321,-2.29623,1.67685
-1.37121,-0.19859,2.09288,-1.54149,-2.29651,1.67710
-1.37107,-0.19876,2.09243,-1.53976,-2.29679,1.67734
-1.37102,-0.19894,2.09198,-1.53815,-2.29706,1.67651
-1.37097,-0.19911,2.09154,-1.53654,-2.29732,1.67567
-1.37080,-0.19905,2.09108,-1.53536,-2.29793,1.67561
-1.37063,-0.19899,2.09062,-1.53418,-2.29853,1.67554
-1.37055,-0.19916,2.09019,-1.53253,-2.29879,1.67572
-1.37046,-0.19932,2.08976,-1.53088,-2.29904,1.67589
-1.37040,-0.19952,2.08935,-1.52923,-2.29923,1.67557
-1.37034,-0.19971,2.08894,-1.52758,-2.29943,1.67524
-1.36996,-0.19957,2.08852,-1.52651,-2.30048,1.67501
-1.36959,-0.19942,2.08809,-1.52544,-2.30152,1.67477
-1.36936,-0.19952,2.08745,-1.52323,-2.30224,1.67486
-1.36914,-0.19962,2.08680,-1.52103,-2.30296,1.67496
-1.36911,-0.19970,2.08656,-1.52025,-2.30300,1.67466
-1.36908,-0.19978,2.08632,-1.51946,-2.30303,1.67437
-1.36921,-0.20011,2.08593,-1.51767,-2.30286,1.67381
-1.36933,-0.20044,2.08554,-1.51588,-2.30268,1.67325
-1.36881,-0.20028,2.08483,-1.51395,-2.30404,1.67352
-1.36830,-0.20013,2.08412,-1.51201,-2.30540,1.67379
-1.36820,-0.20065,2.08300,-1.50762,-2.30573,1.67382
-1.36811,-0.20117,2.08187,-1.50323,-2.30606,1.67385
-1.36802,-0.20125,2.08152,-1.50206,-2.30631,1.67325
-1.36792,-0.20134,2.08117,-1.50090,-2.30654,1.67266
-1.36772,-0.20142,2.08045,-1.49856,-2.30731,1.67252
-1.36751,-0.20150,2.07973,-1.49622,-2.30808,1.67238
-1.36756,-0.20191,2.07910,-1.49349,-2.30800,1.67245
-1.36762,-0.20231,2.07848,-1.49076,-2.30792,1.67251
-1.36756,-0.20256,2.07788,-1.48849,-2.30813,1.67252
-1.36751,-0.20281,2.07729,-1.48622,-2.30833,1.67253
-1.36751,-0.20315,2.07660,-1.48351,-2.30840,1.67220
-1.36751,-0.20349,2.07591,-1.48081,-2.30847,1.67187
-1.36751,-0.20389,2.07518,-1.47778,-2.30849,1.67259
-1.36751,-0.20429,2.07446,-1.47476,-2.30851,1.67331
-1.36745,-0.20441,2.07404,-1.47325,-2.30877,1.67315
-1.36739,-0.20453,2.07362,-1.47175,-2.30903,1.67299
-1.36736,-0.20484,2.07290,-1.46902,-2.30916,1.67261
-1.36733,-0.20514,2.07218,-1.46629,-2.30929,1.67223
-1.36715,-0.20530,2.07147,-1.46372,-2.30993,1.67260
-1.36696,-0.20545,2.07077,-1.46114,-2.31058,1.67298
-1.36677,-0.20556,2.07005,-1.45872,-2.31118,1.67266
-1.36659,-0.20568,2.06934,-1.45629,-2.31179,1.67235
-1.36640,-0.20582,2.06865,-1.45388,-2.31232,1.67246
-1.36620,-0.20595,2.06795,-1.45146,-2.31285,1.67256
-1.36609,-0.20622,2.06713,-1.44833,-2.31326,1.67336
-1.36597,-0.20649,2.06630,-1.44521,-2.31366,1.67416
-1.36583,-0.20657,2.06565,-1.44307,-2.31425,1.67406
-1.36567,-0.20665,2.06500,-1.44094,-2.31484,1.67397
-1.36550,-0.20689,2.06407,-1.43764,-2.31533,1.67381
-1.36533,-0.20713,2.06314,-1.43434,-2.31581,1.67366
-1.36541,-0.20810,2.06138,-1.42722,-2.31545,1.67497
-1.36550,-0.20906,2.05961,-1.42011,-2.31509,1.67627
-1.36625,-0.21056,2.05809,-1.41304,-2.31284,1.67652
-1.36700,-0.21204,2.05656,-1.40598,-2.31058,1.67676
-1.36700,-0.21235,2.05576,-1.40301,-2.31061,1.67661
-1.36700,-0.21267,2.05496,-1.40005,-2.31064,1.67646
-1.36728,-0.21311,2.05464,-1.39836,-2.30978,1.67628
-1.36756,-0.21356,2.05431,-1.39668,-2.30891,1.67610
-1.36783,-0.21410,2.05361,-1.39359,-2.30825,1.67627
-1.36809,-0.21464,2.05290,-1.39051,-2.30758,1.67643
-1.36803,-0.21472,2.05253,-1.38928,-2.30775,1.67620
-1.36797,-0.21480,2.05216,-1.38805,-2.30791,1.67596
-1.36800,-0.21518,2.05123,-1.38463,-2.30783,1.67641
-1.36804,-0.21555,2.05030,-1.38120,-2.30774,1.67687
-1.36819,-0.21577,2.05012,-1.38038,-2.30729,1.67636
-1.36834,-0.21599,2.04995,-1.37955,-2.30683,1.67585
-1.36815,-0.21601,2.04927,-1.37740,-2.30746,1.67640
-1.36796,-0.21603,2.04859,-1.37525,-2.30808,1.67695
-1.36804,-0.21629,2.04815,-1.37345,-2.30784,1.67729
-1.36812,-0.21654,2.04770,-1.37165,-2.30760,1.67762
-1.36814,-0.21647,2.04783,-1.37228,-2.30758,1.67637
-1.36817,-0.21640,2.04795,-1.37291,-2.30756,1.67512
-1.36804,-0.21634,2.04766,-1.37220,-2.30794,1.67455
-1.36792,-0.21628,2.04737,-1.37149,-2.30832,1.67398
-1.36879,-0.21817,2.04433,-1.35924,-2.30601,1.67589
-1.36966,-0.22001,2.04125,-1.34703,-2.30369,1.67777
-1.36984,-0.22023,2.04113,-1.34637,-2.30318,1.67746
-1.37001,-0.22045,2.04100,-1.34570,-2.30266,1.67715
-1.37020,-0.22092,2.03999,-1.34192,-2.30218,1.67753
-1.37040,-0.22139,2.03897,-1.33813,-2.30169,1.67792
-1.37038,-0.22171,2.03778,-1.33417,-2.30171,1.67761
-1.37036,-0.22202,2.03659,-1.33021,-2.30173,1.67730
-1.37055,-0.22237,2.03606,-1.32810,-2.30114,1.67738
-1.37075,-0.22272,2.03552,-1.32598,-2.30055,1.67746
-1.37053,-0.22284,2.03432,-1.32222,-2.30108,1.67790
-1.37031,-0.22295,2.03313,-1.31846,-2.30160,1.67835
-1.37046,-0.22339,2.03194,-1.31426,-2.30123,1.67877
-1.37060,-0.22382,2.03076,-1.31007,-2.30086,1.67918
-1.37187,-0.22522,2.03003,-1.30598,-2.29719,1.67906
-1.37314,-0.22660,2.02930,-1.30190,-2.29352,1.67892
-1.37319,-0.22677,2.02878,-1.30015,-2.29338,1.67896
-1.37324,-0.22693,2.02827,-1.29840,-2.29323,1.67899
-1.37295,-0.22688,2.02724,-1.29535,-2.29412,1.67975
-1.37265,-0.22683,2.02621,-1.29230,-2.29500,1.68051
-1.37257,-0.22691,2.02549,-1.29000,-2.29527,1.68094
-1.37249,-0.22699,2.02477,-1.28770,-2.29553,1.68137
-1.37226,-0.22683,2.02437,-1.28679,-2.29622,1.68084
-1.37203,-0.22667,2.02397,-1.28589,-2.29692,1.68031
-1.37190,-0.22660,2.02373,-1.28531,-2.29730,1.68029
-1.37178,-0.22653,2.02350,-1.28472,-2.29769,1.68027
-1.37238,-0.22724,2.02283,-1.28164,-2.29604,1.68115
-1.37299,-0.22795,2.02215,-1.27856,-2.29438,1.68203
-1.37322,-0.22830,2.02145,-1.27597,-2.29377,1.68211
-1.37345,-0.22865,2.02075,-1.27337,-2.29317,1.68219
-1.37364,-0.22892,2.02025,-1.27159,-2.29262,1.68162
-1.37384,-0.22918,2.01974,-1.26981,-2.29208,1.68106
-1.37399,-0.22938,2.01929,-1.26830,-2.29167,1.68026
-1.37413,-0.22958,2.01884,-1.26678,-2.29127,1.67946
-1.37416,-0.22983,2.01774,-1.26311,-2.29120,1.68023
-1.37420,-0.23008,2.01664,-1.25943,-2.29112,1.68100
-1.37444,-0.23044,2.01593,-1.25689,-2.29041,1.68110
-1.37469,-0.23079,2.01522,-1.25434,-2.28969,1.68119
-1.37502,-0.23136,2.01368,-1.24908,-2.28872,1.68092
-1.37535,-0.23192,2.01212,-1.24383,-2.28775,1.68064
-1.37541,-0.23212,2.01131,-1.24116,-2.28754,1.68051
-1.37547,-0.23232,2.01049,-1.23850,-2.28733,1.68038
-1.37557,-0.23263,2.00916,-1.23423,-2.28687,1.68069
-1.37567,-0.23294,2.00782,-1.22996,-2.28641,1.68100
-1.37495,-0.23256,2.00680,-1.22744,-2.28817,1.68121
-1.37423,-0.23217,2.00578,-1.22491,-2.28992,1.68142
-1.37468,-0.23265,2.00498,-1.22193,-2.28877,1.68159
-1.37514,-0.23313,2.00418,-1.21895,-2.28763,1.68176
-1.37528,-0.23331,2.00348,-1.21664,-2.28739,1.68166
-1.37541,-0.23349,2.00278,-1.21434,-2.28715,1.68156
-1.37542,-0.23362,2.00196,-1.21175,-2.28709,1.68195
-1.37543,-0.23375,2.00114,-1.20915,-2.28704,1.68233
-1.37558,-0.23392,2.00037,-1.20680,-2.28670,1.68180
-1.37572,-0.23410,1.99959,-1.20445,-2.28636,1.68128
-1.37583,-0.23435,1.99849,-1.20089,-2.28598,1.68151
-1.37593,-0.23460,1.99738,-1.19733,-2.28560,1.68174
-1.37598,-0.23478,1.99621,-1.19349,-2.28554,1.68354
-1.37604,-0.23496,1.99503,-1.18965,-2.28547,1.68533
-1.37606,-0.23501,1.99409,-1.18695,-2.28538,1.68562
-1.37609,-0.23506,1.99314,-1.18424,-2.28529,1.68591
-1.37637,-0.23536,1.99241,-1.18192,-2.28457,1.68522
-1.37665,-0.23566,1.99168,-1.17961,-2.28384,1.68453
-1.37670,-0.23572,1.99050,-1.17622,-2.28377,1.68474
-1.37675,-0.23577,1.98933,-1.17283,-2.28370,1.68494
-1.37693,-0.23597,1.98884,-1.17138,-2.28322,1.68494
-1.37712,-0.23616,1.98835,-1.16992,-2.28273,1.68493
-1.37739,-0.23641,1.98718,-1.16650,-2.28201,1.68481
-1.37766,-0.23665,1.98601,-1.16308,-2.28128,1.68467
-1.37802,-0.23699,1.98466,-1.15850,-2.28056,1.68514
-1.37837,-0.23732,1.98331,-1.15392,-2.27984,1.68561
-1.37807,-0.23707,1.98277,-1.15326,-2.28028,1.68474
-1.37777,-0.23683,1.98224,-1.15260,-2.28073,1.68387
-1.37836,-0.23733,1.98124,-1.14906,-2.27952,1.68451
-1.37895,-0.23782,1.98022,-1.14552,-2.27832,1.68513
-1.37899,-0.23784,1.97902,-1.14211,-2.27819,1.68553
-1.37902,-0.23786,1.97781,-1.13870,-2.27806,1.68593
-1.37909,-0.23796,1.97726,-1.13741,-2.27768,1.68470
-1.37917,-0.23805,1.97670,-1.13612,-2.27730,1.68347
-1.37952,-0.23822,1.97556,-1.13299,-2.27663,1.68371
-1.37986,-0.23839,1.97442,-1.12986,-2.27595,1.68395
-1.37998,-0.23844,1.97330,-1.12698,-2.27562,1.68303
-1.38009,-0.23849,1.97217,-1.12409,-2.27530,1.68211
-1.38016,-0.23845,1.97136,-1.12205,-2.27515,1.68233
-1.38022,-0.23841,1.97055,-1.12001,-2.27501,1.68255
-1.38030,-0.23852,1.96951,-1.11716,-2.27469,1.68226
-1.38037,-0.23864,1.96846,-1.11431,-2.27438,1.68196
-1.38054,-0.23868,1.96781,-1.11279,-2.27400,1.68207
-1.38072,-0.23872,1.96715,-1.11127,-2.27362,1.68218
-1.38091,-0.23883,1.96583,-1.10763,-2.27317,1.68227
-1.38109,-0.23894,1.96452,-1.10399,-2.27271,1.68236
-1.38122,-0.23897,1.96344,-1.10113,-2.27248,1.68265
-1.38135,-0.23899,1.96237,-1.09828,-2.27225,1.68294
-1.38162,-0.23919,1.96052,-1.09270,-2.27170,1.68397
-1.38189,-0.23937,1.95867,-1.08712,-2.27114,1.68500
-1.38219,-0.23949,1.95811,-1.08592,-2.27041,1.68381
-1.38248,-0.23961,1.95756,-1.08472,-2.26967,1.68262
-1.38298,-0.23978,1.95598,-1.08039,-2.26864,1.68229
-1.38348,-0.23995,1.95440,-1.07606,-2.26760,1.68195
-1.38369,-0.24006,1.95311,-1.07269,-2.26706,1.68214
-1.38389,-0.24017,1.95181,-1.06933,-2.26652,1.68233
-1.38388,-0.23998,1.95088,-1.06728,-2.26661,1.68261
-1.38387,-0.23979,1.94995,-1.06523,-2.26669,1.68289
-1.38414,-0.23990,1.94912,-1.06321,-2.26586,1.68223
-1.38441,-0.24001,1.94828,-1.06120,-2.26502,1.68156
-1.38447,-0.24001,1.94739,-1.05905,-2.26490,1.68216
-1.38452,-0.24000,1.94650,-1.05691,-2.26477,1.68277
-1.38472,-0.24001,1.94576,-1.05530,-2.26425,1.68210
-1.38493,-0.24002,1.94503,-1.05368,-2.26372,1.68144
-1.38501,-0.23997,1.94429,-1.05214,-2.26349,1.68136
-1.38509,-0.23992,1.94356,-1.05059,-2.26326,1.68128
-1.38546,-0.23994,1.94243,-1.04774,-2.26264,1.68163
-1.38582,-0.23995,1.94129,-1.04489,-2.26202,1.68199
-1.38592,-0.23994,1.94027,-1.04251,-2.26152,1.68113
-1.38602,-0.23992,1.93925,-1.04013,-2.26103,1.68026
-1.38623,-0.23994,1.93840,-1.03832,-2.26050,1.67973
-1.38644,-0.23996,1.93754,-1.03650,-2.25998,1.67920
-1.38638,-0.23978,1.93708,-1.03600,-2.26011,1.67946
-1.38633,-0.23959,1.93661,-1.03550,-2.26023,1.67972
-1.38674,-0.23976,1.93470,-1.02996,-2.25939,1.67985
-1.38715,-0.23992,1.93279,-1.02442,-2.25855,1.67999
-1.38734,-0.23982,1.93236,-1.02404,-2.25813,1.67921
-1.38753,-0.23972,1.93193,-1.02367,-2.25771,1.67843
-1.38770,-0.23975,1.93113,-1.02188,-2.25719,1.67840
-1.38787,-0.23978,1.93033,-1.02009,-2.25667,1.67836
-1.38799,-0.23971,1.92920,-1.01746,-2.25633,1.67800
-1.38812,-0.23964,1.92806,-1.01483,-2.25598,1.67764
-1.38842,-0.23963,1.92746,-1.01370,-2.25535,1.67738
-1.38872,-0.23961,1.92685,-1.01257,-2.25471,1.67711
-1.38896,-0.23965,1.92558,-1.00929,-2.25416,1.67778
-1.38920,-0.23969,1.92430,-1.00602,-2.25361,1.67844
-1.38953,-0.23973,1.92323,-1.00344,-2.25293,1.67845
-1.38985,-0.23977,1.92215,-1.00086,-2.25224,1.67846
-1.39023,-0.23977,1.92097,-0.99790,-2.25151,1.67831
-1.39061,-0.23978,1.91978,-0.99494,-2.25078,1.67816
-1.39074,-0.23978,1.91883,-0.99277,-2.25038,1.67856
-1.39088,-0.23978,1.91788,-0.99060,-2.24999,1.67896
-1.39109,-0.23972,1.91624,-0.98627,-2.24945,1.67929
-1.39131,-0.23965,1.91459,-0.98194,-2.24891,1.67961
-1.39154,-0.23954,1.91343,-0.97928,-2.24848,1.68053
-1.39177,-0.23943,1.91227,-0.97662,-2.24805,1.68145
-1.39194,-0.23933,1.91084,-0.97309,-2.24764,1.68241
-1.39212,-0.23922,1.90940,-0.96956,-2.24723,1.68337
-1.39229,-0.23917,1.90796,-0.96599,-2.24682,1.68461
-1.39246,-0.23910,1.90652,-0.96243,-2.24641,1.68584
-1.39265,-0.23898,1.90509,-0.95901,-2.24601,1.68705
-1.39284,-0.23885,1.90366,-0.95560,-2.24560,1.68826
-1.39298,-0.23860,1.90230,-0.95249,-2.24531,1.68913
-1.39312,-0.23834,1.90094,-0.94939,-2.24502,1.69000
-1.39326,-0.23820,1.89949,-0.94592,-2.24465,1.69081
-1.39341,-0.23805,1.89803,-0.94245,-2.24428,1.69162
-1.39362,-0.23801,1.89658,-0.93884,-2.24373,1.69228
-1.39384,-0.23796,1.89513,-0.93523,-2.24318,1.69294
-1.39417,-0.23796,1.89388,-0.93224,-2.24242,1.69255
-1.39450,-0.23796,1.89262,-0.92926,-2.24166,1.69216
-1.39471,-0.23774,1.89081,-0.92472,-2.24113,1.69310
-1.39491,-0.23751,1.88899,-0.92019,-2.24060,1.69404
-1.39501,-0.23732,1.88768,-0.91720,-2.24038,1.69487
-1.39510,-0.23713,1.88636,-0.91421,-2.24016,1.69571
-1.39540,-0.23696,1.88489,-0.91076,-2.23955,1.69619
-1.39569,-0.23678,1.88342,-0.90732,-2.23893,1.69667
-1.39586,-0.23666,1.88176,-0.90330,-2.23839,1.69736
-1.39604,-0.23652,1.88010,-0.89928,-2.23785,1.69805
-1.39629,-0.23631,1.87871,-0.89611,-2.23734,1.69810
-1.39654,-0.23610,1.87732,-0.89294,-2.23684,1.69816
-1.39670,-0.23598,1.87581,-0.88936,-2.23632,1.69848
-1.39685,-0.23585,1.87429,-0.88578,-2.23580,1.69880
-1.39709,-0.23566,1.87292,-0.88270,-2.23534,1.69944
-1.39733,-0.23546,1.87155,-0.87962,-2.23488,1.70008
-1.39749,-0.23517,1.86999,-0.87609,-2.23448,1.70074
-1.39765,-0.23488,1.86843,-0.87255,-2.23407,1.70139
-1.39780,-0.23463,1.86697,-0.86929,-2.23366,1.70206
-1.39796,-0.23437,1.86551,-0.86603,-2.23324,1.70274
-1.39820,-0.23413,1.86393,-0.86239,-2.23269,1.70305
-1.39844,-0.23389,1.86235,-0.85876,-2.23214,1.70337
-1.39862,-0.23363,1.86086,-0.85543,-2.23169,1.70346
-1.39879,-0.23337,1.85937,-0.85210,-2.23123,1.70356
-1.39864,-0.23319,1.85898,-0.85115,-2.23168,1.70385
-1.39850,-0.23301,1.85858,-0.85021,-2.23211,1.70413
-1.39835,-0.23283,1.85818,-0.84928,-2.23255,1.70442
-1.39821,-0.23265,1.85779,-0.84834,-2.23298,1.70470
-1.39805,-0.23247,1.85739,-0.84739,-2.23343,1.70497
-1.39789,-0.23229,1.85699,-0.84644,-2.23389,1.70524
-1.39776,-0.23211,1.85661,-0.84554,-2.23431,1.70547
-1.39762,-0.23193,1.85623,-0.84465,-2.23473,1.70570
-1.39748,-0.23175,1.85584,-0.84371,-2.23516,1.70597
-1.39733,-0.23157,1.85544,-0.84277,-2.23558,1.70623
-1.39719,-0.23139,1.85504,-0.84182,-2.23601,1.70651
-1.39705,-0.23122,1.85464,-0.84087,-2.23644,1.70679
-1.39692,-0.23108,1.85422,-0.83981,-2.23681,1.70696
-1.39680,-0.23094,1.85379,-0.83875,-2.23718,1.70714
-1.39666,-0.23076,1.85340,-0.83781,-2.23761,1.70744
-1.39652,-0.23058,1.85301,-0.83688,-2.23804,1.70773
-1.39633,-0.23038,1.85256,-0.83581,-2.23852,1.70816
-1.39614,-0.23017,1.85211,-0.83474,-2.23899,1.70859
-1.39602,-0.22998,1.85182,-0.83412,-2.23945,1.70873
-1.39590,-0.22978,1.85153,-0.83349,-2.23990,1.70888
-1.39577,-0.22959,1.85107,-0.83237,-2.24029,1.70931
-1.39564,-0.22940,1.85061,-0.83124,-2.24068,1.70974
-1.39549,-0.22922,1.85022,-0.83033,-2.24110,1.71000
-1.39535,-0.22904,1.84983,-0.82941,-2.24152,1.71027
-1.39518,-0.22888,1.84961,-0.82897,-2.24204,1.71029
-1.39500,-0.22872,1.84939,-0.82853,-2.24255,1.71032
-1.39486,-0.22854,1.84904,-0.82770,-2.24299,1.71056
-1.39471,-0.22836,1.84868,-0.82687,-2.24343,1.71080
-1.39457,-0.22818,1.84831,-0.82600,-2.24386,1.71107
-1.39442,-0.22800,1.84794,-0.82513,-2.24430,1.71134
-1.39421,-0.22795,1.84872,-0.82752,-2.24499,1.71111
-1.39400,-0.22790,1.84950,-0.82992,-2.24568,1.71089
-1.39388,-0.22761,1.84831,-0.82676,-2.24600,1.71135
-1.39375,-0.22731,1.84712,-0.82359,-2.24633,1.71182
-1.39342,-0.22704,1.84705,-0.82359,-2.24716,1.71163
-1.39309,-0.22677,1.84698,-0.82358,-2.24799,1.71144
-1.39304,-0.22680,1.84723,-0.82445,-2.24835,1.71192
-1.39298,-0.22682,1.84749,-0.82532,-2.24871,1.71240
-1.39279,-0.22655,1.84693,-0.82387,-2.24923,1.71190
-1.39259,-0.22628,1.84637,-0.82243,-2.24974,1.71141
-1.39257,-0.22608,1.84549,-0.82023,-2.24980,1.71344
-1.39255,-0.22588,1.84461,-0.81802,-2.24985,1.71547
-1.39230,-0.22570,1.84436,-0.81737,-2.25053,1.71445
-1.39206,-0.22553,1.84410,-0.81672,-2.25121,1.71344
-1.39189,-0.22525,1.84353,-0.81534,-2.25171,1.71434
-1.39172,-0.22497,1.84296,-0.81396,-2.25221,1.71525
-1.39156,-0.22478,1.84260,-0.81311,-2.25267,1.71551
-1.39141,-0.22460,1.84224,-0.81227,-2.25313,1.71577
-1.39119,-0.22438,1.84202,-0.81184,-2.25374,1.71576
-1.39096,-0.22415,1.84180,-0.81142,-2.25435,1.71575
-1.39091,-0.22408,1.84149,-0.81061,-2.25465,1.71557
-1.39086,-0.22401,1.84118,-0.80981,-2.25494,1.71539
-1.39058,-0.22381,1.84140,-0.81067,-2.25576,1.71488
-1.39030,-0.22361,1.84163,-0.81154,-2.25658,1.71437
-1.39016,-0.22350,1.84151,-0.81129,-2.25705,1.71450
-1.39003,-0.22339,1.84139,-0.81104,-2.25753,1.71464
-1.38992,-0.22314,1.84044,-0.80855,-2.25778,1.71544
-1.38981,-0.22288,1.83949,-0.80605,-2.25803,1.71625
-1.38962,-0.22269,1.83937,-0.80591,-2.25860,1.71636
-1.38943,-0.22251,1.83924,-0.80577,-2.25917,1.71647
-1.38925,-0.22230,1.83889,-0.80494,-2.25970,1.71649
-1.38907,-0.22209,1.83853,-0.80411,-2.26022,1.71650
-1.38885,-0.22184,1.83825,-0.80356,-2.26083,1.71697
-1.38862,-0.22158,1.83797,-0.80301,-2.26144,1.71745
-1.38846,-0.22141,1.83765,-0.80226,-2.26192,1.71760
-1.38831,-0.22124,1.83734,-0.80151,-2.26239,1.71776
-1.38821,-0.22115,1.83710,-0.80094,-2.26277,1.71738
-1.38811,-0.22107,1.83686,-0.80037,-2.26315,1.71699
-1.38790,-0.22086,1.83662,-0.79987,-2.26375,1.71709
-1.38768,-0.22064,1.83637,-0.79936,-2.26434,1.71720
-1.38756,-0.22049,1.83611,-0.79876,-2.26477,1.71720
-1.38744,-0.22033,1.83585,-0.79815,-2.26520,1.71720
-1.38728,-0.22015,1.83558,-0.79756,-2.26570,1.71732
-1.38711,-0.21996,1.83531,-0.79697,-2.26620,1.71745
-1.38695,-0.21979,1.83493,-0.79607,-2.26665,1.71777
-1.38678,-0.21962,1.83455,-0.79518,-2.26710,1.71810
-1.38657,-0.21940,1.83440,-0.79496,-2.26776,1.71808
-1.38636,-0.21918,1.83425,-0.79473,-2.26841,1.71806
-1.38624,-0.21899,1.83398,-0.79413,-2.26888,1.71815
-1.38613,-0.21880,1.83371,-0.79353,-2.26935,1.71824
-1.38597,-0.21862,1.83344,-0.79294,-2.26983,1.71836
-1.38581,-0.21844,1.83317,-0.79235,-2.27032,1.71849
-1.38566,-0.21826,1.83292,-0.79179,-2.27079,1.71864
-1.38551,-0.21809,1.83266,-0.79123,-2.27126,1.71879
-1.38540,-0.21790,1.83229,-0.79038,-2.27164,1.71913
-1.38529,-0.21770,1.83192,-0.78952,-2.27203,1.71947
-1.38514,-0.21752,1.83164,-0.78891,-2.27252,1.71962
-1.38498,-0.21733,1.83136,-0.78830,-2.27301,1.71977
-1.38482,-0.21715,1.83109,-0.78770,-2.27350,1.71991
-1.38466,-0.21697,1.83081,-0.78709,-2.27399,1.72005
-1.38443,-0.21678,1.83057,-0.78659,-2.27463,1.72013
-1.38419,-0.21660,1.83034,-0.78608,-2.27528,1.72020
-1.38403,-0.21642,1.83007,-0.78550,-2.27577,1.72034
-1.38387,-0.21624,1.82981,-0.78493,-2.27626,1.72047
-1.38371,-0.21605,1.82953,-0.78430,-2.27676,1.72062
-1.38354,-0.21586,1.82925,-0.78367,-2.27726,1.72077
-1.38339,-0.21568,1.82897,-0.78306,-2.27774,1.72091
-1.38323,-0.21550,1.82870,-0.78246,-2.27822,1.72105
-1.38309,-0.21533,1.82846,-0.78194,-2.27868,1.72115
-1.38295,-0.21515,1.82822,-0.78143,-2.27914,1.72126
-1.38282,-0.21501,1.82743,-0.77881,-2.27932,1.72134
-1.38269,-0.21486,1.82663,-0.77620,-2.27950,1.72142
-1.38264,-0.21476,1.82590,-0.77384,-2.27950,1.72154
-1.38258,-0.21465,1.82517,-0.77148,-2.27950,1.72166
-1.38248,-0.21449,1.82451,-0.76928,-2.27969,1.72162
-1.38238,-0.21434,1.82384,-0.76708,-2.27988,1.72159
-1.38226,-0.21417,1.82321,-0.76496,-2.28012,1.72140
-1.38214,-0.21401,1.82258,-0.76285,-2.28037,1.72121
-1.38207,-0.21382,1.82181,-0.76038,-2.28049,1.72132
-1.38201,-0.21364,1.82105,-0.75791,-2.28061,1.72143
-1.38191,-0.21350,1.82038,-0.75576,-2.28075,1.72146
-1.38180,-0.21336,1.81972,-0.75360,-2.28089,1.72148
-1.38163,-0.21319,1.81899,-0.75121,-2.28119,1.72148
-1.38146,-0.21302,1.81826,-0.74882,-2.28149,1.72148
-1.38137,-0.21284,1.81767,-0.74685,-2.28176,1.72122
-1.38127,-0.21265,1.81709,-0.74489,-2.28202,1.72097
-1.38117,-0.21243,1.81649,-0.74298,-2.28224,1.72096
-1.38108,-0.21221,1.81589,-0.74108,-2.28245,1.72094
-1.38094,-0.21203,1.81528,-0.73909,-2.28270,1.72093
-1.38081,-0.21185,1.81466,-0.73710,-2.28294,1.72091
-1.38059,-0.21174,1.81430,-0.73580,-2.28330,1.72056
-1.38038,-0.21164,1.81395,-0.73450,-2.28366,1.72022
-1.38028,-0.21158,1.81374,-0.73367,-2.28380,1.72016
-1.38018,-0.21152,1.81354,-0.73284,-2.28393,1.72011
-1.37996,-0.21120,1.81260,-0.72997,-2.28438,1.72061
-1.37973,-0.21088,1.81167,-0.72710,-2.28483,1.72111
-1.37964,-0.21060,1.81086,-0.72460,-2.28507,1.72075
-1.37955,-0.21032,1.81004,-0.72209,-2.28532,1.72040
-1.37936,-0.21026,1.81005,-0.72176,-2.28580,1.71981
-1.37918,-0.21020,1.81006,-0.72143,-2.28629,1.71923
-1.37903,-0.21016,1.81004,-0.72118,-2.28661,1.71958
-1.37888,-0.21012,1.81002,-0.72092,-2.28692,1.71993
-1.37869,-0.20985,1.80958,-0.71988,-2.28755,1.72049
-1.37850,-0.20958,1.80914,-0.71883,-2.28818,1.72106
-1.37836,-0.20952,1.80928,-0.71926,-2.28872,1.72182
-1.37821,-0.20946,1.80941,-0.71968,-2.28926,1.72259
-1.37817,-0.20935,1.80897,-0.71836,-2.28924,1.72326
-1.37813,-0.20924,1.80852,-0.71703,-2.28923,1.72394
-1.37809,-0.20913,1.80826,-0.71655,-2.28946,1.72448
-1.37804,-0.20902,1.80799,-0.71606,-2.28969,1.72503
-1.37783,-0.20888,1.80799,-0.71583,-2.29027,1.72514
-1.37762,-0.20874,1.80799,-0.71559,-2.29085,1.72525
-1.37740,-0.20878,1.80840,-0.71662,-2.29144,1.72592
-1.37718,-0.20881,1.80881,-0.71764,-2.29203,1.72660
-1.37715,-0.20858,1.80822,-0.71624,-2.29227,1.72648
-1.37713,-0.20835,1.80763,-0.71484,-2.29250,1.72637
-1.37681,-0.20807,1.80730,-0.71395,-2.29332,1.72761
-1.37649,-0.20778,1.80697,-0.71306,-2.29413,1.72884
-1.37670,-0.20791,1.80700,-0.71302,-2.29362,1.72925
-1.37691,-0.20804,1.80702,-0.71299,-2.29312,1.72966
-1.37676,-0.20813,1.80764,-0.71440,-2.29351,1.72860
-1.37662,-0.20821,1.80825,-0.71581,-2.29389,1.72754
-1.37654,-0.20785,1.80708,-0.71301,-2.29413,1.73006
-1.37645,-0.20748,1.80591,-0.71021,-2.29437,1.73259
-1.37624,-0.20770,1.80700,-0.71277,-2.29493,1.73099
-1.37603,-0.20791,1.80808,-0.71534,-2.29548,1.72939
-1.37604,-0.20781,1.80764,-0.71398,-2.29548,1.73087
-1.37605,-0.20771,1.80719,-0.71262,-2.29547,1.73234
-1.37564,-0.20722,1.80654,-0.71129,-2.29676,1.73374
-1.37523,-0.20673,1.80588,-0.70997,-2.29804,1.73514
-1.37560,-0.20751,1.80760,-0.71359,-2.29697,1.73390
-1.37596,-0.20829,1.80932,-0.71720,-2.29590,1.73267
-1.37559,-0.20770,1.80800,-0.71394,-2.29691,1.73533
-1.37523,-0.20711,1.80667,-0.71067,-2.29792,1.73799
-1.37508,-0.20711,1.80692,-0.71118,-2.29835,1.73820
-1.37493,-0.20712,1.80717,-0.71170,-2.29878,1.73842
-1.37506,-0.20759,1.80854,-0.71483,-2.29846,1.73713
-1.37518,-0.20805,1.80991,-0.71796,-2.29814,1.73584
-1.37492,-0.20759,1.80879,-0.71522,-2.29886,1.73676
-1.37467,-0.20712,1.80766,-0.71248,-2.29958,1.73769
-1.37459,-0.20705,1.80773,-0.71275,-2.29987,1.73696
-1.37451,-0.20697,1.80779,-0.71303,-2.30017,1.73623
-1.37426,-0.20667,1.80720,-0.71149,-2.30097,1.73867
-1.37400,-0.20637,1.80661,-0.70994,-2.30176,1.74112
-1.37344,-0.20633,1.80784,-0.71270,-2.30356,1.74016
-1.37288,-0.20628,1.80907,-0.71546,-2.30537,1.73920
-1.37342,-0.20693,1.80990,-0.71721,-2.30361,1.73864
-1.37395,-0.20758,1.81073,-0.71895,-2.30186,1.73808
-1.37374,-0.20729,1.81013,-0.71730,-2.30253,1.73948
-1.37352,-0.20700,1.80953,-0.71564,-2.30320,1.74088
-1.37241,-0.20678,1.81146,-0.71987,-2.30662,1.73987
-1.37129,-0.20656,1.81339,-0.72411,-2.31004,1.73884
-1.37235,-0.20681,1.81178,-0.72072,-2.30682,1.74052
-1.37340,-0.20706,1.81018,-0.71734,-2.30360,1.74218
-1.37301,-0.20670,1.80961,-0.71565,-2.30470,1.74283
-1.37261,-0.20633,1.80903,-0.71396,-2.30580,1.74347
-1.37272,-0.20657,1.80970,-0.71577,-2.30550,1.74242
-1.37284,-0.20681,1.81038,-0.71757,-2.30521,1.74137
-1.37211,-0.20632,1.81029,-0.71716,-2.30740,1.74324
-1.37138,-0.20582,1.81019,-0.71675,-2.30959,1.74512
-1.37144,-0.20589,1.81036,-0.71719,-2.30939,1.74412
-1.37149,-0.20597,1.81053,-0.71763,-2.30918,1.74312
-1.37209,-0.20642,1.81063,-0.71765,-2.30744,1.74315
-1.37269,-0.20686,1.81073,-0.71767,-2.30570,1.74318
-1.37206,-0.20627,1.81007,-0.71610,-2.30754,1.74404
-1.37144,-0.20569,1.80940,-0.71452,-2.30938,1.74490
-1.37145,-0.20565,1.80930,-0.71425,-2.30936,1.74542
-1.37146,-0.20562,1.80919,-0.71398,-2.30934,1.74595
-1.37149,-0.20601,1.81037,-0.71652,-2.30921,1.74468
-1.37152,-0.20640,1.81154,-0.71905,-2.30908,1.74342
-1.37112,-0.20618,1.81211,-0.72095,-2.31050,1.74205
-1.37071,-0.20596,1.81269,-0.72285,-2.31192,1.74068
-1.37189,-0.20593,1.80981,-0.71648,-2.30822,1.74157
-1.37308,-0.20588,1.80692,-0.71014,-2.30453,1.74243
-1.37344,-0.20564,1.80549,-0.70732,-2.30350,1.74178
-1.37380,-0.20540,1.80405,-0.70450,-2.30247,1.74114
-1.37431,-0.20538,1.80295,-0.70223,-2.30102,1.74224
-1.37483,-0.20536,1.80186,-0.69996,-2.29957,1.74334
-1.37536,-0.20572,1.80187,-0.70017,-2.29782,1.74119
-1.37590,-0.20608,1.80188,-0.70037,-2.29606,1.73904
-1.37607,-0.20630,1.80247,-0.70230,-2.29551,1.73795
-1.37625,-0.20651,1.80306,-0.70422,-2.29496,1.73685
-1.37661,-0.20600,1.80089,-0.70002,-2.29404,1.73573
-1.37696,-0.20549,1.79871,-0.69581,-2.29312,1.73461
-1.37738,-0.20484,1.79552,-0.68852,-2.29179,1.73845
-1.37781,-0.20417,1.79232,-0.68125,-2.29044,1.74227
-1.37815,-0.20404,1.79126,-0.67936,-2.28932,1.74322
-1.37850,-0.20391,1.79020,-0.67747,-2.28821,1.74417
-1.37910,-0.20428,1.79023,-0.67767,-2.28645,1.74172
-1.37970,-0.20464,1.79025,-0.67786,-2.28470,1.73928
-1.37994,-0.20428,1.78892,-0.67565,-2.28402,1.74005
-1.38018,-0.20392,1.78759,-0.67344,-2.28334,1.74083
-1.38052,-0.20365,1.78598,-0.67011,-2.28239,1.74285
-1.38086,-0.20338,1.78438,-0.66679,-2.28144,1.74487
-1.38136,-0.20364,1.78443,-0.66753,-2.28001,1.74236
-1.38187,-0.20389,1.78448,-0.66827,-2.27858,1.73985
-1.38188,-0.20343,1.78319,-0.66588,-2.27858,1.74131
-1.38189,-0.20298,1.78191,-0.66349,-2.27858,1.74276
-1.38222,-0.20280,1.78061,-0.66055,-2.27750,1.74600
-1.38254,-0.20263,1.77931,-0.65762,-2.27641,1.74924
-1.38324,-0.20261,1.77838,-0.65677,-2.27455,1.74450
-1.38395,-0.20259,1.77743,-0.65591,-2.27268,1.73977
-1.38428,-0.20234,1.77598,-0.65285,-2.27162,1.74241
-1.38462,-0.20208,1.77453,-0.64980,-2.27056,1.74504
-1.38492,-0.20214,1.77454,-0.65058,-2.26988,1.74163
-1.38522,-0.20220,1.77455,-0.65136,-2.26920,1.73822
-1.38577,-0.20199,1.77295,-0.64822,-2.26756,1.73879
-1.38631,-0.20179,1.77135,-0.64509,-2.26592,1.73935
-1.38659,-0.20132,1.76938,-0.64107,-2.26486,1.74238
-1.38688,-0.20085,1.76740,-0.63707,-2.26379,1.74539
-1.38762,-0.20080,1.76593,-0.63415,-2.26155,1.74774
-1.38837,-0.20075,1.76446,-0.63124,-2.25931,1.75007
-1.38871,-0.20051,1.76357,-0.63010,-2.25856,1.74801
-1.38904,-0.20026,1.76267,-0.62896,-2.25782,1.74595
-1.38939,-0.20007,1.76172,-0.62760,-2.25696,1.74504
-1.38975,-0.19987,1.76076,-0.62624,-2.25610,1.74413
-1.39003,-0.19955,1.75951,-0.62408,-2.25528,1.74481
-1.39030,-0.19924,1.75827,-0.62192,-2.25446,1.74549
-1.39076,-0.19885,1.75667,-0.61928,-2.25325,1.74420
-1.39121,-0.19847,1.75507,-0.61664,-2.25205,1.74290
-1.39140,-0.19839,1.75455,-0.61574,-2.25141,1.74437
-1.39158,-0.19832,1.75403,-0.61486,-2.25077,1.74584
-1.39213,-0.19818,1.75277,-0.61246,-2.24923,1.74613
-1.39268,-0.19804,1.75150,-0.61007,-2.24770,1.74640
-1.39307,-0.19794,1.75069,-0.60898,-2.24651,1.74467
-1.39347,-0.19784,1.74987,-0.60790,-2.24533,1.74294
-1.39416,-0.19745,1.74796,-0.60445,-2.24358,1.74381
-1.39485,-0.19705,1.74605,-0.60102,-2.24182,1.74467
-1.39534,-0.19660,1.74404,-0.59727,-2.24038,1.74371
-1.39584,-0.19614,1.74201,-0.59353,-2.23895,1.74275
-1.39616,-0.19595,1.74111,-0.59203,-2.23806,1.74243
-1.39649,-0.19576,1.74021,-0.59053,-2.23718,1.74212
-1.39695,-0.19544,1.73880,-0.58818,-2.23578,1.74312
-1.39742,-0.19511,1.73739,-0.58585,-2.23439,1.74412
-1.39806,-0.19504,1.73630,-0.58398,-2.23254,1.74320
-1.39870,-0.19497,1.73520,-0.58210,-2.23069,1.74228
-1.39914,-0.19494,1.73459,-0.58112,-2.22958,1.74046
-1.39957,-0.19492,1.73398,-0.58014,-2.22847,1.73865
-1.39999,-0.19478,1.73321,-0.57913,-2.22732,1.73808
-1.40041,-0.19464,1.73243,-0.57812,-2.22617,1.73750
-1.40087,-0.19443,1.73125,-0.57594,-2.22479,1.73703
-1.40132,-0.19422,1.73006,-0.57377,-2.22341,1.73656
-1.40182,-0.19354,1.72785,-0.57028,-2.22220,1.73747
-1.40233,-0.19286,1.72564,-0.56679,-2.22099,1.73838
-1.40297,-0.19215,1.72302,-0.56187,-2.21921,1.73966
-1.40361,-0.19143,1.72040,-0.55695,-2.21743,1.74092
-1.40434,-0.19129,1.71906,-0.55465,-2.21535,1.74042
-1.40507,-0.19113,1.71772,-0.55234,-2.21328,1.73992
-1.40526,-0.19139,1.71816,-0.55326,-2.21292,1.73762
-1.40544,-0.19166,1.71861,-0.55417,-2.21255,1.73532
-1.40659,-0.19160,1.71689,-0.55132,-2.20914,1.73580
-1.40775,-0.19155,1.71518,-0.54849,-2.20572,1.73626
-1.40719,-0.19077,1.71408,-0.54643,-2.20734,1.73878
-1.40664,-0.18999,1.71298,-0.54436,-2.20895,1.74131
-1.40745,-0.18953,1.71090,-0.54085,-2.20670,1.74018
-1.40825,-0.18906,1.70880,-0.53733,-2.20445,1.73905
-1.40916,-0.18900,1.70747,-0.53521,-2.20185,1.73893
-1.41007,-0.18893,1.70613,-0.53309,-2.19925,1.73881
-1.41041,-0.18799,1.70369,-0.52953,-2.19840,1.73872
-1.41076,-0.18705,1.70126,-0.52598,-2.19754,1.73863
-1.41130,-0.18588,1.69780,-0.51950,-2.19623,1.74006
-1.41183,-0.18470,1.69433,-0.51304,-2.19491,1.74148
-1.41194,-0.18469,1.69418,-0.51287,-2.19460,1.74152
-1.41205,-0.18468,1.69403,-0.51270,-2.19429,1.74156
-1.41265,-0.18396,1.69175,-0.50876,-2.19274,1.74080
-1.41326,-0.18324,1.68946,-0.50482,-2.19120,1.74003
-1.41312,-0.18355,1.69044,-0.50686,-2.19156,1.73966
-1.41298,-0.18386,1.69141,-0.50890,-2.19191,1.73930
-1.41347,-0.18288,1.68849,-0.50316,-2.19061,1.73959
-1.41397,-0.18189,1.68556,-0.49743,-2.18930,1.73988
-1.41437,-0.18206,1.68540,-0.49727,-2.18816,1.74025
-1.41477,-0.18224,1.68525,-0.49712,-2.18701,1.74062
-1.41471,-0.18164,1.68405,-0.49488,-2.18720,1.74124
-1.41465,-0.18105,1.68284,-0.49263,-2.18739,1.74186
-1.41499,-0.17877,1.67728,-0.48274,-2.18669,1.74393
-1.41533,-0.17646,1.67171,-0.47286,-2.18597,1.74598
-1.41539,-0.17691,1.67258,-0.47437,-2.18557,1.74663
-1.41546,-0.17735,1.67345,-0.47589,-2.18516,1.74728
-1.41511,-0.17658,1.67208,-0.47317,-2.18624,1.74863
-1.41477,-0.17581,1.67072,-0.47046,-2.18732,1.74997
-1.41501,-0.17542,1.66949,-0.46820,-2.18661,1.75100
-1.41526,-0.17502,1.66827,-0.46594,-2.18589,1.75202
-1.41559,-0.17519,1.66828,-0.46600,-2.18496,1.75162
-1.41591,-0.17536,1.66830,-0.46606,-2.18402,1.75122
-1.41609,-0.17506,1.66748,-0.46473,-2.18367,1.75190
-1.41626,-0.17475,1.66665,-0.46339,-2.18331,1.75257
-1.41624,-0.17347,1.66396,-0.45884,-2.18363,1.75460
-1.41622,-0.17218,1.66126,-0.45429,-2.18393,1.75662
-1.41644,-0.17086,1.65807,-0.44814,-2.18344,1.75764
-1.41667,-0.16954,1.65487,-0.44199,-2.18295,1.75866
-1.41740,-0.16800,1.65049,-0.43302,-2.18105,1.76221
-1.41815,-0.16645,1.64610,-0.42408,-2.17912,1.76574
-1.41757,-0.16489,1.64339,-0.41916,-2.18088,1.76651
-1.41700,-0.16332,1.64068,-0.41424,-2.18264,1.76728
-1.41760,-0.16332,1.64010,-0.41331,-2.18098,1.76823
-1.41821,-0.16331,1.63952,-0.41238,-2.17932,1.76917
-1.41759,-0.16313,1.63973,-0.41238,-2.18108,1.76949
-1.41698,-0.16295,1.63994,-0.41237,-2.18284,1.76980
-1.41656,-0.16245,1.63930,-0.41099,-2.18407,1.77111
-1.41614,-0.16195,1.63866,-0.40960,-2.18531,1.77241
-1.41613,-0.16062,1.63588,-0.40469,-2.18551,1.77455
-1.41612,-0.15928,1.63308,-0.39978,-2.18570,1.77669
-1.41607,-0.15925,1.63300,-0.39964,-2.18579,1.77685
-1.41603,-0.15922,1.63292,-0.39952,-2.18589,1.77702
-1.41682,-0.15754,1.62850,-0.39106,-2.18389,1.77959
-1.41761,-0.15583,1.62406,-0.38264,-2.18189,1.78214
-1.41755,-0.15545,1.62332,-0.38147,-2.18212,1.78113
-1.41749,-0.15507,1.62258,-0.38029,-2.18235,1.78013
-1.41773,-0.15511,1.62240,-0.37991,-2.18171,1.78098
-1.41796,-0.15514,1.62221,-0.37953,-2.18106,1.78183
-1.41785,-0.15436,1.62078,-0.37728,-2.18139,1.78219
-1.41773,-0.15358,1.61935,-0.37502,-2.18172,1.78254
-1.41817,-0.15231,1.61625,-0.36940,-2.18057,1.78531
-1.41860,-0.15103,1.61314,-0.36379,-2.17941,1.78808
-1.41993,-0.14996,1.60959,-0.35813,-2.17587,1.78985
-1.42126,-0.14889,1.60604,-0.35250,-2.17233,1.79161
-1.42037,-0.14795,1.60505,-0.35046,-2.17475,1.79304
-1.41948,-0.14701,1.60405,-0.34841,-2.17717,1.79447
-1.42130,-0.14583,1.59980,-0.34038,-2.17300,1.79687
-1.42313,-0.14463,1.59554,-0.33240,-2.16881,1.79922
-1.42308,-0.14400,1.59427,-0.32979,-2.16898,1.80069
-1.42304,-0.14337,1.59298,-0.32719,-2.16915,1.80217
-1.42326,-0.14256,1.59109,-0.32332,-2.16853,1.80375
-1.42349,-0.14174,1.58920,-0.31945,-2.16791,1.80534
-1.42330,-0.14122,1.58831,-0.31782,-2.16845,1.80617
-1.42311,-0.14070,1.58742,-0.31619,-2.16900,1.80701
-1.42364,-0.14005,1.58559,-0.31318,-2.16764,1.80900
-1.42417,-0.13939,1.58377,-0.31018,-2.16627,1.81098
-1.42411,-0.13876,1.58260,-0.30840,-2.16643,1.81202
-1.42405,-0.13812,1.58143,-0.30663,-2.16659,1.81307
-1.42455,-0.13742,1.57954,-0.30475,-2.16545,1.81409
-1.42505,-0.13672,1.57765,-0.30287,-2.16432,1.81511
-1.42572,-0.13565,1.57507,-0.29859,-2.16315,1.81629
-1.42638,-0.13457,1.57250,-0.29432,-2.16197,1.81747
-1.42631,-0.13347,1.57030,-0.28954,-2.16221,1.81948
-1.42624,-0.13236,1.56810,-0.28475,-2.16243,1.82149
-1.42624,-0.13196,1.56733,-0.28371,-2.16239,1.82247
-1.42625,-0.13156,1.56655,-0.28267,-2.16234,1.82344
-1.42674,-0.13176,1.56658,-0.28463,-2.16154,1.82235
-1.42724,-0.13196,1.56660,-0.28659,-2.16072,1.82126
-1.42715,-0.13077,1.56428,-0.28155,-2.16084,1.82351
-1.42705,-0.12957,1.56196,-0.27652,-2.16095,1.82577
-1.42766,-0.12862,1.55967,-0.27264,-2.15956,1.82762
-1.42827,-0.12767,1.55737,-0.26877,-2.15817,1.82946
-1.42851,-0.12685,1.55543,-0.26520,-2.15774,1.83093
-1.42876,-0.12603,1.55349,-0.26163,-2.15731,1.83239
-1.42879,-0.12508,1.55163,-0.25873,-2.15741,1.83315
-1.42883,-0.12414,1.54977,-0.25583,-2.15750,1.83391
-1.42944,-0.12434,1.54977,-0.25673,-2.15624,1.83378
-1.43006,-0.12453,1.54977,-0.25764,-2.15497,1.83365
-1.42962,-0.12461,1.55036,-0.25859,-2.15630,1.83282
-1.42917,-0.12468,1.55094,-0.25955,-2.15764,1.83198
-1.42989,-0.12243,1.54593,-0.25095,-2.15590,1.83606
-1.43062,-0.12017,1.54091,-0.24238,-2.15414,1.84012
-1.43069,-0.11954,1.53954,-0.23968,-2.15389,1.84151
-1.43076,-0.11890,1.53818,-0.23699,-2.15364,1.84290
-1.43084,-0.11781,1.53600,-0.23332,-2.15349,1.84452
-1.43092,-0.11672,1.53381,-0.22965,-2.15334,1.84614
-1.43134,-0.11599,1.53208,-0.22716,-2.15274,1.84700
-1.43176,-0.11525,1.53035,-0.22466,-2.15214,1.84786
-1.43198,-0.11460,1.52898,-0.22232,-2.15160,1.84916
-1.43219,-0.11395,1.52760,-0.21997,-2.15105,1.85047
-1.43240,-0.11316,1.52605,-0.21798,-2.15077,1.85149
-1.43260,-0.11238,1.52450,-0.21599,-2.15049,1.85252
-1.43322,-0.11152,1.52241,-0.21267,-2.14929,1.85364
-1.43385,-0.11065,1.52032,-0.20936,-2.14810,1.85476
-1.43361,-0.10955,1.51845,-0.20576,-2.14887,1.85618
-1.43337,-0.10845,1.51658,-0.20216,-2.14964,1.85761
-1.43434,-0.10703,1.51325,-0.19778,-2.14750,1.85905
-1.43532,-0.10561,1.50991,-0.19342,-2.14537,1.86049
-1.43524,-0.10610,1.51093,-0.19525,-2.14545,1.85777
-1.43516,-0.10660,1.51195,-0.19708,-2.14554,1.85505
-1.43469,-0.10669,1.51285,-0.19868,-2.14683,1.85318
-1.43423,-0.10678,1.51376,-0.20029,-2.14812,1.85130
-1.43444,-0.10641,1.51307,-0.20035,-2.14787,1.84942
-1.43465,-0.10604,1.51238,-0.20041,-2.14762,1.84753
-1.43407,-0.10622,1.51360,-0.20267,-2.14871,1.84621
-1.43349,-0.10641,1.51482,-0.20493,-2.14980,1.84490
-1.43381,-0.10638,1.51447,-0.20527,-2.14919,1.84232
-1.43413,-0.10635,1.51412,-0.20561,-2.14857,1.83975
-1.43446,-0.10600,1.51352,-0.20577,-2.14820,1.83748
-1.43479,-0.10565,1.51291,-0.20593,-2.14782,1.83521
-1.43472,-0.10603,1.51392,-0.20802,-2.14812,1.83266
-1.43465,-0.10640,1.51494,-0.21011,-2.14841,1.83010
-1.43498,-0.10609,1.51412,-0.20989,-2.14777,1.82795
-1.43531,-0.10578,1.51329,-0.20966,-2.14712,1.82579
-1.43415,-0.10598,1.51526,-0.21290,-2.14934,1.82551
-1.43299,-0.10618,1.51723,-0.21613,-2.15156,1.82523
-1.43283,-0.10656,1.51815,-0.21804,-2.15185,1.82287
-1.43267,-0.10694,1.51908,-0.21994,-2.15214,1.82051
-1.43258,-0.10741,1.52008,-0.22188,-2.15233,1.81784
-1.43248,-0.10788,1.52108,-0.22383,-2.15251,1.81517
-1.43220,-0.10819,1.52229,-0.22622,-2.15316,1.81304
-1.43193,-0.10850,1.52349,-0.22861,-2.15380,1.81090
-1.43181,-0.10908,1.52473,-0.23089,-2.15398,1.80817
-1.43169,-0.10967,1.52597,-0.23317,-2.15416,1.80544
-1.43174,-0.10947,1.52569,-0.23363,-2.15400,1.80360
-1.43178,-0.10928,1.52541,-0.23409,-2.15383,1.80177
-1.43175,-0.10890,1.52521,-0.23485,-2.15408,1.80013
-1.43171,-0.10852,1.52502,-0.23562,-2.15432,1.79850
-1.43144,-0.10842,1.52556,-0.23730,-2.15489,1.79703
-1.43118,-0.10832,1.52610,-0.23898,-2.15546,1.79556
-1.43082,-0.10818,1.52626,-0.23989,-2.15595,1.79436
-1.43046,-0.10804,1.52643,-0.24080,-2.15644,1.79315
-1.43007,-0.10766,1.52619,-0.24116,-2.15695,1.79235
-1.42967,-0.10729,1.52594,-0.24152,-2.15746,1.79154
-1.42927,-0.10691,1.52570,-0.24189,-2.15798,1.79073
-1.42887,-0.10654,1.52546,-0.24225,-2.15849,1.78993
-1.42848,-0.10616,1.52522,-0.24261,-2.15900,1.78912
-1.42808,-0.10579,1.52498,-0.24298,-2.15951,1.78831
-1.42769,-0.10541,1.52474,-0.24334,-2.16002,1.78749
-1.42729,-0.10504,1.52450,-0.24371,-2.16053,1.78668
-1.42690,-0.10467,1.52426,-0.24408,-2.16104,1.78587
-1.42650,-0.10429,1.52402,-0.24444,-2.16155,1.78505
-1.42611,-0.10392,1.52378,-0.24481,-2.16206,1.78424
-1.42572,-0.10354,1.52354,-0.24518,-2.16257,1.78342
-1.42533,-0.10317,1.52330,-0.24555,-2.16308,1.78260
-1.42494,-0.10280,1.52306,-0.24592,-2.16359,1.78178
-1.42454,-0.10242,1.52282,-0.24629,-2.16410,1.78096
-1.42415,-0.10205,1.52258,-0.24666,-2.16461,1.78014
-1.42376,-0.10168,1.52234,-0.24703,-2.16511,1.77932
-1.42337,-0.10130,1.52211,-0.24741,-2.16562,1.77849
-1.42298,-0.10093,1.52187,-0.24778,-2.16613,1.77767
-1.42259,-0.10056,1.52163,-0.24815,-2.16663,1.77684
-1.42220,-0.10019,1.52139,-0.24853,-2.16714,1.77602
-1.42182,-0.09981,1.52115,-0.24890,-2.16764,1.77519
-1.42143,-0.09944,1.52092,-0.24928,-2.16815,1.77436
-1.42104,-0.09907,1.52068,-0.24966,-2.16866,1.77353
-1.42065,-0.09869,1.52044,-0.25004,-2.16916,1.77270
-1.42027,-0.09832,1.52020,-0.25041,-2.16966,1.77187
-1.41988,-0.09795,1.51997,-0.25079,-2.17017,1.77103
-1.41949,-0.09758,1.51973,-0.25117,-2.17067,1.77020
-1.41911,-0.09720,1.51949,-0.25155,-2.17117,1.76936
-1.41873,-0.09683,1.51925,-0.25194,-2.17168,1.76852
-1.41834,-0.09646,1.51902,-0.25232,-2.17218,1.76769
-1.41796,-0.09609,1.51878,-0.25270,-2.17268,1.76685
-1.41757,-0.09572,1.51855,-0.25309,-2.17318,1.76601
-1.41719,-0.09534,1.51831,-0.25347,-2.17368,1.76517
-1.41681,-0.09497,1.51807,-0.25385,-2.17419,1.76433
-1.41643,-0.09460,1.51784,-0.25424,-2.17469,1.76348
-1.41605,-0.09423,1.51760,-0.25463,-2.17518,1.76264
-1.41566,-0.09386,1.51737,-0.25501,-2.17568,1.76179
-1.41528,-0.09349,1.51713,-0.25540,-2.17618,1.76095
-1.41490,-0.09311,1.51690,-0.25579,-2.17668,1.76010
-1.41452,-0.09274,1.51666,-0.25618,-2.17718,1.75925
-1.41414,-0.09237,1.51643,-0.25657,-2.17768,1.75840
-1.41377,-0.09200,1.51619,-0.25696,-2.17818,1.75755
-1.41339,-0.09163,1.51596,-0.25736,-2.17867,1.75670
-1.41301,-0.09126,1.51572,-0.25775,-2.17917,1.75585
-1.41263,-0.09089,1.51549,-0.25814,-2.17967,1.75499
-1.41226,-0.09052,1.51526,-0.25854,-2.18016,1.75413
-1.41188,-0.09014,1.51502,-0.25893,-2.18066,1.75328
-1.41150,-0.08977,1.51479,-0.25933,-2.18115,1.75242
-1.41113,-0.08940,1.51455,-0.25972,-2.18165,1.75156
-1.41075,-0.08903,1.51432,-0.26012,-2.18214,1.75070
-1.41038,-0.08866,1.51409,-0.26052,-2.18264,1.74984
-1.41000,-0.08829,1.51385,-0.26092,-2.18313,1.74898
-1.40963,-0.08792,1.51362,-0.26132,-2.18363,1.74812
-1.40926,-0.08755,1.51339,-0.26171,-2.18412,1.74725
-1.40888,-0.08718,1.51316,-0.26212,-2.18461,1.74639
-1.40851,-0.08681,1.51292,-0.26252,-2.18510,1.74552
-1.40814,-0.08644,1.51269,-0.26292,-2.18560,1.74466
-1.40777,-0.08607,1.51246,-0.26332,-2.18609,1.74379
-1.40740,-0.08570,1.51223,-0.26373,-2.18658,1.74292
-1.40702,-0.08533,1.51200,-0.26413,-2.18707,1.74205
-1.40665,-0.08496,1.51176,-0.26454,-2.18756,1.74118
-1.40629,-0.08459,1.51153,-0.26494,-2.18805,1.74030
-1.40592,-0.08422,1.51130,-0.26535,-2.18854,1.73943
-1.40555,-0.08385,1.51107,-0.26576,-2.18903,1.73856
