-0.39140,-2.16387,2.34266,-0.17879,1.17939,-3.14159
-0.39173,-2.16355,2.34329,-0.18104,1.17907,-3.14054
-0.39206,-2.16323,2.34392,-0.18329,1.17874,-3.13948
-0.38737,-2.16068,2.33965,-0.17674,1.18637,-3.14076
-0.38603,-2.15962,2.33865,-0.17605,1.18870,-3.14048
-0.38469,-2.15855,2.33764,-0.17537,1.19101,-3.14019
-0.38227,-2.15749,2.33693,-0.17539,1.19470,-3.14044
-0.37986,-2.15641,2.33621,-0.17542,1.19838,-3.14069
-0.37804,-2.15605,2.33601,-0.17564,1.20134,-3.14058
-0.37621,-2.15569,2.33582,-0.17586,1.20429,-3.14046
-0.37412,-2.15525,2.33577,-0.17656,1.20765,-3.14032
-0.37202,-2.15480,2.33573,-0.17726,1.21101,-3.14019
-0.36917,-2.15388,2.33539,-0.17799,1.21527,-3.14074
-0.36632,-2.15296,2.33505,-0.17871,1.21953,-3.14129
-0.36428,-2.15249,2.33483,-0.17907,1.22278,-3.14107
-0.36224,-2.15202,2.33462,-0.17942,1.22602,-3.14085
-0.36020,-2.15156,2.33445,-0.17984,1.22930,-3.14073
-0.35817,-2.15111,2.33427,-0.18026,1.23259,-3.14060
-0.35602,-2.15056,2.33390,-0.18034,1.23598,-3.14048
-0.35386,-2.15002,2.33352,-0.18042,1.23937,-3.14036
-0.35193,-2.14954,2.33312,-0.18030,1.24251,-3.13992
-0.35000,-2.14906,2.33271,-0.18019,1.24565,-3.13949
-0.34801,-2.14860,2.33261,-0.18077,1.24883,-3.13938
-0.34603,-2.14814,2.33250,-0.18135,1.25202,-3.13926
-0.34385,-2.14756,2.33228,-0.18186,1.25543,-3.13927
-0.34166,-2.14697,2.33206,-0.18236,1.25883,-3.13928
-0.33989,-2.14664,2.33220,-0.18335,1.26175,-3.13906
-0.33812,-2.14631,2.33234,-0.18434,1.26468,-3.13886
-0.33595,-2.14571,2.33200,-0.18459,1.26807,-3.13890
-0.33378,-2.14510,2.33166,-0.18485,1.27146,-3.13893
-0.33181,-2.14462,2.33155,-0.18545,1.27460,-3.13884
-0.32985,-2.14414,2.33144,-0.18605,1.27775,-3.13875
-0.32794,-2.14366,2.33129,-0.18656,1.28080,-3.13860
-0.32604,-2.14319,2.33115,-0.18707,1.28384,-3.13844
-0.32399,-2.14264,2.33099,-0.18765,1.28710,-3.13838
-0.32193,-2.14210,2.33082,-0.18823,1.29036,-3.13831
-0.32034,-2.14181,2.33099,-0.18919,1.29303,-3.13813
-0.31875,-2.14151,2.33114,-0.19016,1.29570,-3.13795
-0.31644,-2.14081,2.33077,-0.19045,1.29928,-3.13793
-0.31414,-2.14012,2.33040,-0.19075,1.30285,-3.13792
-0.31239,-2.13972,2.33035,-0.19137,1.30572,-3.13770
-0.31063,-2.13931,2.33031,-0.19200,1.30859,-3.13748
-0.30867,-2.13881,2.33031,-0.19291,1.31173,-3.13750
-0.30670,-2.13830,2.33031,-0.19381,1.31487,-3.13752
-0.30486,-2.13780,2.33009,-0.19417,1.31786,-3.13725
-0.30301,-2.13731,2.32987,-0.19452,1.32085,-3.13699
-0.30077,-2.13662,2.32969,-0.19526,1.32435,-3.13713
-0.29852,-2.13594,2.32951,-0.19599,1.32785,-3.13728
-0.29665,-2.13545,2.32945,-0.19671,1.33086,-3.13716
-0.29478,-2.13496,2.32939,-0.19743,1.33387,-3.13704
-0.29291,-2.13446,2.32935,-0.19822,1.33687,-3.13701
-0.29105,-2.13397,2.32931,-0.19900,1.33987,-3.13699
-0.28917,-2.13345,2.32923,-0.19973,1.34289,-3.13694
-0.28729,-2.13293,2.32916,-0.20047,1.34591,-3.13689
-0.28542,-2.13240,2.32904,-0.20110,1.34891,-3.13676
-0.28356,-2.13186,2.32891,-0.20173,1.35190,-3.13663
-0.28168,-2.13134,2.32882,-0.20243,1.35492,-3.13656
-0.27981,-2.13081,2.32873,-0.20314,1.35793,-3.13649
-0.27794,-2.13034,2.32888,-0.20434,1.36097,-3.13654
-0.27607,-2.12987,2.32903,-0.20555,1.36400,-3.13660
-0.27402,-2.12921,2.32878,-0.20608,1.36727,-3.13659
-0.27196,-2.12855,2.32853,-0.20660,1.37054,-3.13658
-0.27006,-2.12799,2.32836,-0.20717,1.37360,-3.13652
-0.26815,-2.12743,2.32819,-0.20773,1.37667,-3.13646
-0.26629,-2.12687,2.32799,-0.20822,1.37967,-3.13640
-0.26443,-2.12630,2.32778,-0.20871,1.38267,-3.13634
-0.26261,-2.12575,2.32762,-0.20927,1.38560,-3.13630
-0.26079,-2.12520,2.32745,-0.20983,1.38854,-3.13625
-0.25881,-2.12459,2.32721,-0.21031,1.39172,-3.13619
-0.25684,-2.12398,2.32698,-0.21079,1.39491,-3.13612
-0.25500,-2.12340,2.32676,-0.21127,1.39787,-3.13607
-0.25316,-2.12282,2.32654,-0.21175,1.40083,-3.13601
-0.25125,-2.12223,2.32633,-0.21226,1.40390,-3.13597
-0.24935,-2.12163,2.32611,-0.21278,1.40698,-3.13593
-0.24743,-2.12102,2.32586,-0.21325,1.41006,-3.13586
-0.24552,-2.12041,2.32561,-0.21371,1.41315,-3.13579
-0.24382,-2.11996,2.32557,-0.21440,1.41597,-3.13588
-0.24212,-2.11951,2.32552,-0.21508,1.41880,-3.13596
-0.23964,-2.11854,2.32481,-0.21502,1.42258,-3.13565
-0.23716,-2.11758,2.32410,-0.21495,1.42636,-3.13534
-0.23535,-2.11699,2.32388,-0.21545,1.42929,-3.13526
-0.23354,-2.11641,2.32366,-0.21595,1.43222,-3.13519
-0.23163,-2.11579,2.32359,-0.21684,1.43531,-3.13523
-0.22972,-2.11518,2.32352,-0.21774,1.43841,-3.13527
-0.22782,-2.11455,2.32329,-0.21829,1.44148,-3.13513
-0.22592,-2.11393,2.32307,-0.21884,1.44456,-3.13498
-0.22444,-2.11346,2.32277,-0.21897,1.44707,-3.13456
-0.22295,-2.11299,2.32247,-0.21909,1.44958,-3.13415
-0.22113,-2.11238,2.32231,-0.21976,1.45254,-3.13413
-0.21931,-2.11178,2.32215,-0.22042,1.45550,-3.13411
-0.21756,-2.11118,2.32191,-0.22089,1.45834,-3.13403
-0.21581,-2.11059,2.32167,-0.22137,1.46118,-3.13395
-0.21395,-2.10994,2.32133,-0.22167,1.46419,-3.13375
-0.21209,-2.10929,2.32098,-0.22197,1.46720,-3.13356
-0.21024,-2.10869,2.32101,-0.22308,1.47022,-3.13346
-0.20839,-2.10808,2.32104,-0.22419,1.47324,-3.13336
-0.20659,-2.10744,2.32073,-0.22455,1.47616,-3.13325
-0.20479,-2.10681,2.32041,-0.22491,1.47908,-3.13313
-0.20297,-2.10616,2.32004,-0.22516,1.48204,-3.13305
-0.20115,-2.10550,2.31967,-0.22541,1.48498,-3.13298
-0.20018,-2.10517,2.31946,-0.22556,1.48658,-3.13310
-0.19921,-2.10484,2.31926,-0.22571,1.48817,-3.13323
-0.19821,-2.10450,2.31905,-0.22589,1.48979,-3.13337
-0.19721,-2.10416,2.31885,-0.22608,1.49142,-3.13351
-0.19618,-2.10380,2.31860,-0.22618,1.49308,-3.13370
-0.19516,-2.10345,2.31834,-0.22627,1.49475,-3.13389
-0.19433,-2.10324,2.31912,-0.22855,1.49608,-3.13497
-0.19351,-2.10304,2.31990,-0.23084,1.49741,-3.13606
-0.19124,-2.10199,2.31899,-0.23048,1.50069,-3.13679
-0.18897,-2.10094,2.31807,-0.23012,1.50397,-3.13752
-0.18798,-2.10061,2.31785,-0.23028,1.50557,-3.13869
-0.18698,-2.10027,2.31763,-0.23045,1.50716,-3.13987
-0.18580,-2.09989,2.31776,-0.23146,1.50899,-3.14127
-0.18462,-2.09952,2.31788,-0.23248,1.51082,-3.14268
-0.18342,-2.09905,2.31741,-0.23225,1.51273,-3.14427
-0.18222,-2.09858,2.31694,-0.23201,1.51464,-3.14585
-0.18121,-2.09825,2.31670,-0.23212,1.51629,-3.14759
-0.18021,-2.09791,2.31646,-0.23224,1.51794,-3.14933
-0.17898,-2.09744,2.31603,-0.23212,1.51989,-3.15096
-0.17775,-2.09696,2.31561,-0.23200,1.52184,-3.15258
-0.17635,-2.09641,2.31519,-0.23203,1.52403,-3.15417
-0.17494,-2.09585,2.31476,-0.23206,1.52622,-3.15575
-0.17369,-2.09537,2.31436,-0.23202,1.52821,-3.15740
-0.17243,-2.09488,2.31396,-0.23198,1.53020,-3.15905
-0.17138,-2.09458,2.31407,-0.23287,1.53192,-3.16057
-0.17033,-2.09427,2.31419,-0.23377,1.53364,-3.16210
-0.16904,-2.09376,2.31387,-0.23396,1.53564,-3.16371
-0.16775,-2.09326,2.31355,-0.23416,1.53765,-3.16532
-0.16651,-2.09284,2.31358,-0.23501,1.53961,-3.16691
-0.16527,-2.09242,2.31360,-0.23587,1.54158,-3.16851
-0.16419,-2.09207,2.31357,-0.23649,1.54334,-3.17011
-0.16311,-2.09172,2.31354,-0.23712,1.54510,-3.17171
-0.16174,-2.09118,2.31321,-0.23735,1.54723,-3.17336
-0.16037,-2.09064,2.31288,-0.23758,1.54937,-3.17502
-0.15909,-2.09020,2.31283,-0.23830,1.55140,-3.17661
-0.15782,-2.08975,2.31278,-0.23903,1.55343,-3.17820
-0.15673,-2.08944,2.31333,-0.24096,1.55521,-3.17970
-0.15565,-2.08913,2.31388,-0.24289,1.55697,-3.18121
-0.15466,-2.08877,2.31350,-0.24270,1.55862,-3.18287
-0.15368,-2.08840,2.31311,-0.24251,1.56027,-3.18454
-0.15208,-2.08783,2.31303,-0.24337,1.56270,-3.18561
-0.15048,-2.08725,2.31295,-0.24424,1.56514,-3.18669
-0.14945,-2.08694,2.31324,-0.24556,1.56682,-3.18786
-0.14842,-2.08663,2.31354,-0.24688,1.56850,-3.18904
-0.14773,-2.08653,2.31442,-0.24924,1.56978,-3.19034
-0.14705,-2.08643,2.31530,-0.25161,1.57106,-3.19165
-0.14605,-2.08611,2.31559,-0.25292,1.57271,-3.19278
-0.14506,-2.08580,2.31588,-0.25423,1.57436,-3.19392
-0.14412,-2.08556,2.31624,-0.25560,1.57595,-3.19482
-0.14318,-2.08532,2.31661,-0.25697,1.57753,-3.19571
-0.14167,-2.08483,2.31699,-0.25879,1.57987,-3.19667
-0.14017,-2.08434,2.31738,-0.26061,1.58221,-3.19764
-0.13858,-2.08378,2.31719,-0.26121,1.58461,-3.19860
-0.13699,-2.08321,2.31700,-0.26181,1.58701,-3.19957
-0.13600,-2.08298,2.31791,-0.26442,1.58871,-3.20024
-0.13500,-2.08275,2.31881,-0.26704,1.59039,-3.20092
-0.13434,-2.08246,2.31890,-0.26785,1.59160,-3.20162
-0.13368,-2.08217,2.31899,-0.26865,1.59282,-3.20233
-0.13228,-2.08169,2.31920,-0.27004,1.59500,-3.20258
-0.13088,-2.08121,2.31941,-0.27143,1.59719,-3.20283
-0.13006,-2.08097,2.31981,-0.27288,1.59863,-3.20319
-0.12924,-2.08072,2.32021,-0.27434,1.60007,-3.20355
-0.12850,-2.08048,2.32035,-0.27519,1.60141,-3.20484
-0.12776,-2.08024,2.32050,-0.27604,1.60274,-3.20613
-0.12663,-2.07985,2.32072,-0.27734,1.60458,-3.20674
-0.12551,-2.07945,2.32095,-0.27864,1.60642,-3.20736
-0.12394,-2.07884,2.32087,-0.27957,1.60883,-3.20796
-0.12238,-2.07822,2.32079,-0.28050,1.61124,-3.20857
-0.12144,-2.07790,2.32119,-0.28209,1.61283,-3.20940
-0.12051,-2.07757,2.32159,-0.28369,1.61442,-3.21023
-0.11970,-2.07734,2.32190,-0.28490,1.61587,-3.21088
-0.11888,-2.07711,2.32220,-0.28612,1.61732,-3.21153
-0.11751,-2.07655,2.32235,-0.28751,1.61950,-3.21211
-0.11614,-2.07600,2.32251,-0.28890,1.62168,-3.21269
-0.11520,-2.07562,2.32213,-0.28876,1.62325,-3.21293
-0.11427,-2.07524,2.32176,-0.28861,1.62481,-3.21318
-0.11298,-2.07480,2.32234,-0.29083,1.62691,-3.21363
-0.11170,-2.07436,2.32293,-0.29304,1.62900,-3.21408
-0.11100,-2.07408,2.32214,-0.29177,1.63023,-3.21434
-0.11030,-2.07380,2.32135,-0.29051,1.63146,-3.21460
-0.10901,-2.07312,2.32084,-0.29055,1.63350,-3.21481
-0.10772,-2.07245,2.32034,-0.29060,1.63553,-3.21502
-0.10655,-2.07231,2.32228,-0.29551,1.63752,-3.21588
-0.10538,-2.07216,2.32423,-0.30043,1.63950,-3.21674
-0.10426,-2.07171,2.32423,-0.30129,1.64137,-3.21703
-0.10314,-2.07127,2.32424,-0.30215,1.64324,-3.21731
-0.10226,-2.07092,2.32433,-0.30306,1.64477,-3.21783
-0.10139,-2.07056,2.32442,-0.30397,1.64629,-3.21835
-0.10025,-2.07007,2.32439,-0.30484,1.64816,-3.21855
-0.09911,-2.06958,2.32437,-0.30571,1.65002,-3.21876
-0.09803,-2.06913,2.32430,-0.30639,1.65183,-3.21896
-0.09694,-2.06868,2.32423,-0.30708,1.65364,-3.21916
-0.09587,-2.06824,2.32415,-0.30774,1.65543,-3.21937
-0.09481,-2.06780,2.32407,-0.30840,1.65722,-3.21957
-0.09374,-2.06735,2.32398,-0.30906,1.65900,-3.21976
-0.09267,-2.06691,2.32390,-0.30972,1.66079,-3.21995
-0.09160,-2.06646,2.32383,-0.31040,1.66259,-3.22018
-0.09052,-2.06602,2.32376,-0.31109,1.66440,-3.22041
-0.08946,-2.06558,2.32369,-0.31176,1.66617,-3.22062
-0.08840,-2.06513,2.32361,-0.31244,1.66795,-3.22083
-0.08671,-2.06452,2.32381,-0.31448,1.67079,-3.22041
-0.08501,-2.06390,2.32400,-0.31653,1.67362,-3.22000
-0.08332,-2.06326,2.32414,-0.31848,1.67645,-3.21934
-0.08163,-2.06262,2.32428,-0.32043,1.67928,-3.21868
-0.08002,-2.06205,2.32432,-0.32205,1.68200,-3.21853
-0.07841,-2.06147,2.32436,-0.32367,1.68473,-3.21837
-0.07660,-2.06083,2.32470,-0.32610,1.68774,-3.21803
-0.07479,-2.06018,2.32503,-0.32853,1.69074,-3.21768
-0.07303,-2.05952,2.32541,-0.33107,1.69371,-3.21716
-0.07126,-2.05886,2.32578,-0.33362,1.69667,-3.21664
-0.06973,-2.05828,2.32542,-0.33432,1.69931,-3.21593
-0.06820,-2.05769,2.32506,-0.33501,1.70195,-3.21522
-0.06565,-2.05664,2.32449,-0.33600,1.70594,-3.21410
-0.06311,-2.05558,2.32391,-0.33698,1.70992,-3.21298
-0.06134,-2.05487,2.32393,-0.33880,1.71294,-3.21172
-0.05956,-2.05415,2.32395,-0.34062,1.71595,-3.21046
-0.05790,-2.05348,2.32397,-0.34235,1.71874,-3.20990
-0.05625,-2.05281,2.32398,-0.34409,1.72153,-3.20935
-0.05462,-2.05201,2.32411,-0.34631,1.72427,-3.20954
-0.05300,-2.05120,2.32424,-0.34854,1.72700,-3.20974
-0.05129,-2.05052,2.32423,-0.35023,1.72989,-3.20912
-0.04958,-2.04983,2.32421,-0.35193,1.73277,-3.20850
-0.04787,-2.04913,2.32419,-0.35362,1.73567,-3.20790
-0.04617,-2.04844,2.32416,-0.35531,1.73856,-3.20731
-0.04453,-2.04776,2.32412,-0.35693,1.74137,-3.20646
-0.04289,-2.04709,2.32408,-0.35855,1.74419,-3.20560
-0.04122,-2.04645,2.32395,-0.35990,1.74701,-3.20501
-0.03956,-2.04581,2.32381,-0.36125,1.74984,-3.20441
-0.03780,-2.04501,2.32392,-0.36342,1.75280,-3.20416
-0.03604,-2.04421,2.32402,-0.36560,1.75576,-3.20392
-0.03439,-2.04353,2.32375,-0.36670,1.75858,-3.20337
-0.03274,-2.04285,2.32347,-0.36781,1.76139,-3.20282
-0.03105,-2.04210,2.32368,-0.37015,1.76427,-3.20230
-0.02937,-2.04134,2.32389,-0.37250,1.76714,-3.20178
-0.02771,-2.04074,2.32382,-0.37396,1.77000,-3.20128
-0.02604,-2.04013,2.32375,-0.37541,1.77286,-3.20078
-0.02437,-2.03941,2.32377,-0.37728,1.77573,-3.20032
-0.02269,-2.03869,2.32379,-0.37914,1.77860,-3.19986
-0.02116,-2.03795,2.32370,-0.38078,1.78130,-3.19901
-0.01963,-2.03721,2.32361,-0.38242,1.78400,-3.19816
-0.01813,-2.03653,2.32373,-0.38446,1.78666,-3.19769
-0.01664,-2.03585,2.32386,-0.38651,1.78931,-3.19722
-0.01504,-2.03515,2.32378,-0.38814,1.79212,-3.19685
-0.01344,-2.03444,2.32371,-0.38978,1.79493,-3.19649
-0.01167,-2.03370,2.32368,-0.39159,1.79790,-3.19602
-0.00992,-2.03295,2.32365,-0.39340,1.80087,-3.19557
-0.00809,-2.03212,2.32360,-0.39531,1.80398,-3.19489
-0.00627,-2.03129,2.32354,-0.39721,1.80708,-3.19422
-0.00461,-2.03053,2.32358,-0.39922,1.80996,-3.19411
-0.00295,-2.02977,2.32362,-0.40123,1.81285,-3.19401
-0.00109,-2.02887,2.32360,-0.40333,1.81598,-3.19391
0.00076,-2.02798,2.32357,-0.40543,1.81912,-3.19381
0.00232,-2.02727,2.32338,-0.40680,1.82189,-3.19285
0.00387,-2.02657,2.32318,-0.40818,1.82467,-3.19190
0.00583,-2.02567,2.32321,-0.41042,1.82796,-3.19190
0.00780,-2.02476,2.32323,-0.41267,1.83125,-3.19192
0.00928,-2.02409,2.32288,-0.41364,1.83394,-3.19103
0.01075,-2.02342,2.32253,-0.41460,1.83662,-3.19013
0.01259,-2.02254,2.32213,-0.41579,1.83979,-3.18939
0.01442,-2.02167,2.32172,-0.41699,1.84296,-3.18865
0.01599,-2.02088,2.32142,-0.41828,1.84575,-3.18844
0.01757,-2.02009,2.32111,-0.41958,1.84853,-3.18823
0.01915,-2.01933,2.32105,-0.42139,1.85131,-3.18839
0.02073,-2.01858,2.32099,-0.42321,1.85408,-3.18855
0.02251,-2.01777,2.32039,-0.42384,1.85716,-3.18810
0.02428,-2.01696,2.31978,-0.42447,1.86023,-3.18765
0.02570,-2.01629,2.31915,-0.42480,1.86282,-3.18703
0.02712,-2.01561,2.31852,-0.42513,1.86540,-3.18641
0.02873,-2.01491,2.31789,-0.42551,1.86822,-3.18616
0.03034,-2.01421,2.31725,-0.42589,1.87104,-3.18592
0.03180,-2.01340,2.31672,-0.42669,1.87373,-3.18545
0.03327,-2.01260,2.31618,-0.42748,1.87641,-3.18498
0.03480,-2.01184,2.31573,-0.42839,1.87913,-3.18465
0.03632,-2.01109,2.31528,-0.42930,1.88186,-3.18431
0.03794,-2.01031,2.31465,-0.42986,1.88474,-3.18376
0.03955,-2.00953,2.31403,-0.43043,1.88762,-3.18321
0.04113,-2.00873,2.31346,-0.43114,1.89050,-3.18290
0.04271,-2.00792,2.31288,-0.43186,1.89338,-3.18259
0.04438,-2.00715,2.31228,-0.43247,1.89630,-3.18232
0.04605,-2.00637,2.31168,-0.43308,1.89922,-3.18204
0.04785,-2.00553,2.31098,-0.43360,1.90237,-3.18193
0.04964,-2.00468,2.31028,-0.43413,1.90551,-3.18182
0.05091,-2.00399,2.30962,-0.43447,1.90791,-3.18141
0.05217,-2.00330,2.30896,-0.43482,1.91030,-3.18101
0.05394,-2.00250,2.30805,-0.43476,1.91344,-3.18084
0.05570,-2.00170,2.30713,-0.43470,1.91658,-3.18066
0.05735,-2.00080,2.30660,-0.43572,1.91953,-3.18054
0.05899,-1.99991,2.30607,-0.43675,1.92247,-3.18043
0.06039,-1.99922,2.30546,-0.43717,1.92503,-3.18026
0.06179,-1.99853,2.30485,-0.43759,1.92759,-3.18009
0.06348,-1.99774,2.30401,-0.43770,1.93057,-3.18025
0.06518,-1.99695,2.30318,-0.43780,1.93355,-3.18040
0.06654,-1.99628,2.30292,-0.43908,1.93610,-3.18008
0.06790,-1.99561,2.30266,-0.44035,1.93864,-3.17976
0.06942,-1.99475,2.30211,-0.44125,1.94139,-3.18020
0.07094,-1.99388,2.30155,-0.44216,1.94414,-3.18064
0.07244,-1.99312,2.30093,-0.44272,1.94690,-3.18050
0.07394,-1.99236,2.30030,-0.44328,1.94966,-3.18036
0.07528,-1.99177,2.29953,-0.44320,1.95218,-3.18029
0.07662,-1.99118,2.29876,-0.44311,1.95470,-3.18021
0.07795,-1.99044,2.29738,-0.44163,1.95713,-3.17944
0.07927,-1.98969,2.29600,-0.44015,1.95955,-3.17866
0.08051,-1.98919,2.29460,-0.43817,1.96177,-3.17886
0.08175,-1.98869,2.29320,-0.43620,1.96399,-3.17905
0.08291,-1.98808,2.29222,-0.43544,1.96611,-3.17949
0.08407,-1.98747,2.29124,-0.43468,1.96823,-3.17994
0.08521,-1.98676,2.29039,-0.43437,1.97034,-3.18026
0.08633,-1.98606,2.28953,-0.43407,1.97244,-3.18058
0.08773,-1.98536,2.28804,-0.43225,1.97499,-3.17976
0.08912,-1.98465,2.28655,-0.43043,1.97753,-3.17893
0.09007,-1.98410,2.28503,-0.42824,1.97947,-3.17769
0.09103,-1.98354,2.28352,-0.42605,1.98141,-3.17645
0.09248,-1.98289,2.28187,-0.42374,1.98395,-3.17575
0.09393,-1.98224,2.28023,-0.42143,1.98650,-3.17505
0.09505,-1.98157,2.27913,-0.42046,1.98859,-3.17511
0.09616,-1.98090,2.27803,-0.41950,1.99069,-3.17516
0.09769,-1.98019,2.27647,-0.41751,1.99341,-3.17451
0.09922,-1.97949,2.27491,-0.41552,1.99613,-3.17385
0.10032,-1.97889,2.27354,-0.41378,1.99821,-3.17334
0.10142,-1.97829,2.27217,-0.41203,2.00029,-3.17283
0.10247,-1.97761,2.27094,-0.41075,2.00236,-3.17229
0.10352,-1.97693,2.26970,-0.40946,2.00443,-3.17175
0.10492,-1.97632,2.26838,-0.40787,2.00692,-3.17160
0.10633,-1.97570,2.26706,-0.40628,2.00940,-3.17145
0.10738,-1.97509,2.26576,-0.40472,2.01143,-3.17102
0.10843,-1.97447,2.26445,-0.40317,2.01346,-3.17059
0.10960,-1.97384,2.26307,-0.40144,2.01567,-3.17011
0.11077,-1.97321,2.26169,-0.39971,2.01788,-3.16962
0.11186,-1.97251,2.26025,-0.39799,2.02000,-3.16897
0.11294,-1.97180,2.25882,-0.39627,2.02211,-3.16831
0.11416,-1.97111,2.25737,-0.39447,2.02441,-3.16779
0.11538,-1.97042,2.25591,-0.39267,2.02671,-3.16728
0.11657,-1.96985,2.25471,-0.39129,2.02891,-3.16750
0.11775,-1.96927,2.25351,-0.38990,2.03110,-3.16771
0.11888,-1.96855,2.25203,-0.38808,2.03328,-3.16668
0.12000,-1.96783,2.25054,-0.38626,2.03546,-3.16564
0.12111,-1.96719,2.24927,-0.38481,2.03756,-3.16538
0.12221,-1.96655,2.24800,-0.38335,2.03967,-3.16511
0.12353,-1.96594,2.24654,-0.38139,2.04206,-3.16447
0.12485,-1.96533,2.24509,-0.37942,2.04445,-3.16381
0.12589,-1.96469,2.24417,-0.37885,2.04646,-3.16414
0.12693,-1.96405,2.24326,-0.37828,2.04848,-3.16447
0.12792,-1.96345,2.24236,-0.37768,2.05037,-3.16502
0.12891,-1.96285,2.24147,-0.37708,2.05226,-3.16557
0.12992,-1.96221,2.24052,-0.37642,2.05424,-3.16580
0.13093,-1.96158,2.23957,-0.37577,2.05621,-3.16603
0.13185,-1.96100,2.23873,-0.37524,2.05799,-3.16691
0.13277,-1.96043,2.23789,-0.37471,2.05977,-3.16779
0.13373,-1.95983,2.23702,-0.37419,2.06164,-3.16809
0.13469,-1.95923,2.23615,-0.37366,2.06352,-3.16840
0.13543,-1.95860,2.23548,-0.37369,2.06509,-3.16815
0.13617,-1.95797,2.23482,-0.37373,2.06665,-3.16790
0.13714,-1.95740,2.23396,-0.37316,2.06854,-3.16783
0.13811,-1.95683,2.23310,-0.37260,2.07043,-3.16776
0.13900,-1.95625,2.23245,-0.37260,2.07219,-3.16853
0.13990,-1.95566,2.23181,-0.37260,2.07396,-3.16930
0.14103,-1.95505,2.23097,-0.37220,2.07614,-3.16827
0.14216,-1.95444,2.23013,-0.37180,2.07831,-3.16723
0.14308,-1.95379,2.22916,-0.37111,2.08013,-3.16800
0.14399,-1.95313,2.22819,-0.37042,2.08195,-3.16876
0.14492,-1.95257,2.22756,-0.37042,2.08377,-3.16904
0.14584,-1.95200,2.22692,-0.37042,2.08559,-3.16933
0.14685,-1.95146,2.22626,-0.37031,2.08756,-3.16873
0.14786,-1.95092,2.22559,-0.37020,2.08952,-3.16814
0.14896,-1.95023,2.22426,-0.36867,2.09166,-3.16765
0.15005,-1.94954,2.22292,-0.36713,2.09380,-3.16716
0.15117,-1.94887,2.22163,-0.36568,2.09599,-3.16667
0.15229,-1.94820,2.22033,-0.36422,2.09818,-3.16617
0.15338,-1.94751,2.21899,-0.36268,2.10031,-3.16568
0.15447,-1.94682,2.21765,-0.36115,2.10243,-3.16519
0.15557,-1.94603,2.21608,-0.35921,2.10460,-3.16463
0.15666,-1.94525,2.21451,-0.35726,2.10676,-3.16406
0.15762,-1.94461,2.21351,-0.35649,2.10867,-3.16395
0.15859,-1.94396,2.21251,-0.35572,2.11058,-3.16383
0.15955,-1.94333,2.21175,-0.35553,2.11250,-3.16407
0.16051,-1.94270,2.21099,-0.35535,2.11442,-3.16431
0.16157,-1.94204,2.20976,-0.35402,2.11652,-3.16404
0.16263,-1.94138,2.20853,-0.35269,2.11862,-3.16378
0.16369,-1.94058,2.20709,-0.35109,2.12074,-3.16343
0.16475,-1.93977,2.20564,-0.34949,2.12287,-3.16308
0.16581,-1.93904,2.20427,-0.34794,2.12499,-3.16246
0.16688,-1.93831,2.20290,-0.34639,2.12710,-3.16183
0.16794,-1.93762,2.20165,-0.34506,2.12919,-3.16149
0.16899,-1.93692,2.20039,-0.34372,2.13128,-3.16114
0.17000,-1.93621,2.19907,-0.34225,2.13331,-3.16078
0.17100,-1.93550,2.19775,-0.34079,2.13534,-3.16042
0.17201,-1.93481,2.19657,-0.33962,2.13737,-3.16046
0.17302,-1.93411,2.19538,-0.33846,2.13940,-3.16050
0.17405,-1.93339,2.19414,-0.33720,2.14145,-3.16061
0.17508,-1.93267,2.19289,-0.33594,2.14351,-3.16071
0.17597,-1.93197,2.19147,-0.33414,2.14538,-3.15996
0.17686,-1.93126,2.19004,-0.33235,2.14725,-3.15919
0.17782,-1.93055,2.18880,-0.33107,2.14921,-3.15895
0.17877,-1.92984,2.18756,-0.32979,2.15117,-3.15870
0.17966,-1.92911,2.18617,-0.32815,2.15302,-3.15872
0.18055,-1.92837,2.18477,-0.32650,2.15487,-3.15874
0.18154,-1.92764,2.18350,-0.32517,2.15690,-3.15846
0.18253,-1.92691,2.18222,-0.32384,2.15893,-3.15818
0.18353,-1.92617,2.18094,-0.32250,2.16097,-3.15788
0.18453,-1.92543,2.17965,-0.32115,2.16301,-3.15759
0.18472,-1.92532,2.18006,-0.32236,2.16343,-3.15665
0.18491,-1.92520,2.18048,-0.32357,2.16385,-3.15571
0.18516,-1.92502,2.18103,-0.32528,2.16440,-3.15595
0.18542,-1.92484,2.18158,-0.32700,2.16495,-3.15620
0.18574,-1.92468,2.18212,-0.32863,2.16558,-3.15629
0.18606,-1.92452,2.18267,-0.33027,2.16621,-3.15639
0.18632,-1.92430,2.18317,-0.33192,2.16679,-3.15650
0.18658,-1.92407,2.18367,-0.33357,2.16737,-3.15662
0.18691,-1.92392,2.18417,-0.33511,2.16801,-3.15654
0.18725,-1.92376,2.18468,-0.33666,2.16866,-3.15646
0.18746,-1.92358,2.18526,-0.33843,2.16913,-3.15659
0.18767,-1.92340,2.18583,-0.34021,2.16960,-3.15671
0.18796,-1.92317,2.18628,-0.34172,2.17025,-3.15655
0.18826,-1.92294,2.18672,-0.34324,2.17089,-3.15640
0.18856,-1.92276,2.18721,-0.34479,2.17152,-3.15613
0.18887,-1.92258,2.18770,-0.34635,2.17214,-3.15586
0.18917,-1.92238,2.18821,-0.34802,2.17277,-3.15581
0.18947,-1.92217,2.18873,-0.34968,2.17340,-3.15577
0.18974,-1.92197,2.18927,-0.35144,2.17398,-3.15564
0.19001,-1.92176,2.18982,-0.35319,2.17457,-3.15551
0.19032,-1.92154,2.19038,-0.35500,2.17522,-3.15571
0.19063,-1.92132,2.19094,-0.35682,2.17586,-3.15591
0.19101,-1.92120,2.19130,-0.35792,2.17655,-3.15534
0.19140,-1.92108,2.19167,-0.35902,2.17724,-3.15476
0.19158,-1.92083,2.19240,-0.36133,2.17775,-3.15504
0.19176,-1.92059,2.19312,-0.36364,2.17826,-3.15532
0.19206,-1.92041,2.19366,-0.36530,2.17887,-3.15520
0.19236,-1.92024,2.19419,-0.36696,2.17948,-3.15508
0.19265,-1.91999,2.19467,-0.36861,2.18012,-3.15505
0.19295,-1.91974,2.19514,-0.37026,2.18076,-3.15502
0.19322,-1.91959,2.19571,-0.37197,2.18132,-3.15487
0.19350,-1.91943,2.19627,-0.37367,2.18189,-3.15473
0.19391,-1.91917,2.19668,-0.37518,2.18270,-3.15470
0.19433,-1.91891,2.19709,-0.37670,2.18351,-3.15468
0.19451,-1.91873,2.19776,-0.37873,2.18396,-3.15475
0.19469,-1.91854,2.19844,-0.38076,2.18441,-3.15483
0.19510,-1.91830,2.19889,-0.38236,2.18520,-3.15491
0.19550,-1.91806,2.19934,-0.38396,2.18598,-3.15499
0.19583,-1.91783,2.19990,-0.38578,2.18665,-3.15493
0.19616,-1.91761,2.20045,-0.38761,2.18732,-3.15486
0.19647,-1.91738,2.20099,-0.38940,2.18797,-3.15495
0.19678,-1.91715,2.20152,-0.39120,2.18863,-3.15504
0.19698,-1.91694,2.20220,-0.39329,2.18912,-3.15512
0.19718,-1.91673,2.20287,-0.39537,2.18960,-3.15521
0.19765,-1.91644,2.20312,-0.39654,2.19047,-3.15574
0.19811,-1.91614,2.20337,-0.39771,2.19134,-3.15627
0.19843,-1.91589,2.20392,-0.39958,2.19201,-3.15638
0.19875,-1.91565,2.20447,-0.40145,2.19269,-3.15649
0.19895,-1.91547,2.20501,-0.40313,2.19320,-3.15639
0.19915,-1.91528,2.20555,-0.40481,2.19372,-3.15629
0.19945,-1.91501,2.20616,-0.40690,2.19433,-3.15672
0.19974,-1.91473,2.20676,-0.40899,2.19495,-3.15715
0.20023,-1.91435,2.20600,-0.40765,2.19598,-3.15540
0.20071,-1.91397,2.20524,-0.40631,2.19700,-3.15364
0.20117,-1.91357,2.20435,-0.40468,2.19794,-3.15205
0.20162,-1.91318,2.20347,-0.40306,2.19888,-3.15046
0.20192,-1.91288,2.20260,-0.40123,2.19957,-3.14890
0.20222,-1.91259,2.20172,-0.39940,2.20027,-3.14733
0.20262,-1.91229,2.20093,-0.39777,2.20107,-3.14630
0.20303,-1.91200,2.20013,-0.39614,2.20187,-3.14526
0.20341,-1.91163,2.19930,-0.39460,2.20273,-3.14367
0.20379,-1.91126,2.19848,-0.39306,2.20357,-3.14207
0.20411,-1.91093,2.19766,-0.39145,2.20429,-3.14059
0.20443,-1.91059,2.19683,-0.38985,2.20500,-3.13911
0.20486,-1.91023,2.19608,-0.38846,2.20590,-3.13807
0.20530,-1.90987,2.19532,-0.38707,2.20681,-3.13703
0.20562,-1.90958,2.19450,-0.38536,2.20752,-3.13569
0.20594,-1.90930,2.19368,-0.38366,2.20824,-3.13434
0.20640,-1.90887,2.19291,-0.38239,2.20919,-3.13333
0.20687,-1.90844,2.19214,-0.38113,2.21014,-3.13231
0.20719,-1.90815,2.19208,-0.38149,2.21083,-3.13223
0.20751,-1.90785,2.19202,-0.38186,2.21152,-3.13215
0.20782,-1.90756,2.19197,-0.38223,2.21219,-3.13207
0.20813,-1.90727,2.19192,-0.38260,2.21286,-3.13199
0.20844,-1.90697,2.19186,-0.38295,2.21353,-3.13190
0.20875,-1.90668,2.19180,-0.38329,2.21421,-3.13181
0.20913,-1.90635,2.19113,-0.38212,2.21500,-3.13118
0.20951,-1.90602,2.19047,-0.38095,2.21579,-3.13056
0.21004,-1.90544,2.18934,-0.37910,2.21688,-3.12941
0.21056,-1.90485,2.18822,-0.37725,2.21796,-3.12826
0.21074,-1.90471,2.18792,-0.37663,2.21844,-3.12797
0.21091,-1.90458,2.18763,-0.37602,2.21892,-3.12767
0.21132,-1.90427,2.18686,-0.37451,2.21977,-3.12693
0.21173,-1.90395,2.18609,-0.37301,2.22063,-3.12618
0.21211,-1.90354,2.18539,-0.37189,2.22147,-3.12552
0.21249,-1.90313,2.18468,-0.37076,2.22231,-3.12485
0.21290,-1.90275,2.18450,-0.37099,2.22320,-3.12458
0.21331,-1.90237,2.18433,-0.37122,2.22410,-3.12431
0.21371,-1.90200,2.18416,-0.37144,2.22495,-3.12404
0.21410,-1.90164,2.18399,-0.37166,2.22580,-3.12378
0.21450,-1.90126,2.18380,-0.37185,2.22668,-3.12348
0.21489,-1.90088,2.18361,-0.37204,2.22755,-3.12317
0.21528,-1.90052,2.18342,-0.37220,2.22838,-3.12290
0.21566,-1.90016,2.18323,-0.37236,2.22922,-3.12263
0.21604,-1.89974,2.18309,-0.37275,2.23007,-3.12233
0.21641,-1.89933,2.18294,-0.37313,2.23092,-3.12203
0.21682,-1.89898,2.18276,-0.37329,2.23180,-3.12178
0.21722,-1.89863,2.18258,-0.37345,2.23268,-3.12153
0.21760,-1.89827,2.18244,-0.37373,2.23352,-3.12133
0.21799,-1.89791,2.18229,-0.37401,2.23436,-3.12114
0.21812,-1.89795,2.18169,-0.37307,2.23466,-3.12046
0.21824,-1.89798,2.18109,-0.37212,2.23496,-3.11979
0.21845,-1.89789,2.17906,-0.36757,2.23545,-3.11768
0.21864,-1.89780,2.17703,-0.36302,2.23593,-3.11556
0.21880,-1.89782,2.17650,-0.36231,2.23627,-3.11480
0.21895,-1.89784,2.17598,-0.36159,2.23662,-3.11404
0.21933,-1.89750,2.17370,-0.35686,2.23736,-3.11232
0.21970,-1.89715,2.17142,-0.35213,2.23810,-3.11059
0.21987,-1.89697,2.16943,-0.34786,2.23854,-3.10873
0.22004,-1.89679,2.16744,-0.34359,2.23898,-3.10688
0.22013,-1.89667,2.16540,-0.33900,2.23924,-3.10552
0.22022,-1.89654,2.16337,-0.33442,2.23950,-3.10416
0.22035,-1.89649,2.16150,-0.33017,2.23985,-3.10240
0.22047,-1.89642,2.15963,-0.32593,2.24021,-3.10064
0.22071,-1.89605,2.15767,-0.32209,2.24076,-3.09882
0.22095,-1.89567,2.15570,-0.31825,2.24131,-3.09700
0.22115,-1.89537,2.15376,-0.31432,2.24178,-3.09518
0.22135,-1.89507,2.15183,-0.31040,2.24225,-3.09335
0.22133,-1.89503,2.15013,-0.30653,2.24242,-3.09176
0.22130,-1.89500,2.14843,-0.30267,2.24258,-3.09016
0.22162,-1.89464,2.14639,-0.29851,2.24318,-3.08884
0.22193,-1.89428,2.14434,-0.29436,2.24377,-3.08750
0.22214,-1.89402,2.14226,-0.28990,2.24421,-3.08547
0.22234,-1.89376,2.14017,-0.28544,2.24463,-3.08343
0.22249,-1.89357,2.13893,-0.28314,2.24500,-3.08266
0.22264,-1.89339,2.13768,-0.28083,2.24536,-3.08189
0.22272,-1.89344,2.13695,-0.27947,2.24563,-3.08140
0.22280,-1.89349,2.13623,-0.27811,2.24590,-3.08091
0.22304,-1.89308,2.13437,-0.27457,2.24641,-3.07957
0.22329,-1.89266,2.13250,-0.27103,2.24692,-3.07824
0.22347,-1.89246,2.13120,-0.26858,2.24735,-3.07761
0.22365,-1.89226,2.12990,-0.26613,2.24777,-3.07698
0.22357,-1.89234,2.12909,-0.26445,2.24782,-3.07660
0.22349,-1.89242,2.12828,-0.26276,2.24787,-3.07622
0.22389,-1.89195,2.12633,-0.25909,2.24859,-3.07529
0.22429,-1.89147,2.12438,-0.25542,2.24931,-3.07437
0.22418,-1.89150,2.12330,-0.25306,2.24928,-3.07348
0.22408,-1.89153,2.12222,-0.25070,2.24925,-3.07260
0.22438,-1.89124,2.12093,-0.24850,2.24983,-3.07210
0.22468,-1.89094,2.11964,-0.24631,2.25040,-3.07161
0.22486,-1.89067,2.11801,-0.24304,2.25079,-3.07112
0.22504,-1.89040,2.11637,-0.23978,2.25119,-3.07063
0.22516,-1.89021,2.11519,-0.23760,2.25154,-3.06982
0.22527,-1.89001,2.11401,-0.23543,2.25190,-3.06902
0.22557,-1.88961,2.11256,-0.23299,2.25248,-3.06830
0.22586,-1.88920,2.11111,-0.23056,2.25305,-3.06758
0.22589,-1.88911,2.10979,-0.22778,2.25324,-3.06709
0.22591,-1.88901,2.10847,-0.22501,2.25343,-3.06659
0.22607,-1.88873,2.10706,-0.22236,2.25382,-3.06597
0.22624,-1.88846,2.10564,-0.21970,2.25421,-3.06536
0.22642,-1.88819,2.10412,-0.21670,2.25461,-3.06456
0.22661,-1.88793,2.10260,-0.21369,2.25500,-3.06376
0.22677,-1.88760,2.10116,-0.21104,2.25539,-3.06314
0.22693,-1.88728,2.09972,-0.20840,2.25578,-3.06251
0.22713,-1.88693,2.09823,-0.20565,2.25623,-3.06182
0.22732,-1.88657,2.09674,-0.20291,2.25667,-3.06113
0.22752,-1.88621,2.09524,-0.20013,2.25711,-3.06045
0.22771,-1.88585,2.09374,-0.19736,2.25756,-3.05976
0.22792,-1.88545,2.09223,-0.19466,2.25800,-3.05899
0.22813,-1.88505,2.09072,-0.19196,2.25845,-3.05822
0.22833,-1.88467,2.08919,-0.18915,2.25889,-3.05748
0.22852,-1.88429,2.08767,-0.18634,2.25933,-3.05674
0.22870,-1.88392,2.08614,-0.18349,2.25975,-3.05600
0.22889,-1.88354,2.08461,-0.18065,2.26017,-3.05525
0.22914,-1.88305,2.08297,-0.17776,2.26072,-3.05428
0.22939,-1.88256,2.08134,-0.17486,2.26127,-3.05331
0.22958,-1.88216,2.07979,-0.17204,2.26171,-3.05238
0.22976,-1.88175,2.07825,-0.16921,2.26214,-3.05146
0.22998,-1.88134,2.07675,-0.16654,2.26263,-3.05059
0.23019,-1.88093,2.07525,-0.16386,2.26311,-3.04972
0.23046,-1.88043,2.07370,-0.16125,2.26370,-3.04878
0.23073,-1.87993,2.07215,-0.15863,2.26429,-3.04784
0.23090,-1.87958,2.07080,-0.15623,2.26470,-3.04713
0.23108,-1.87923,2.06945,-0.15384,2.26510,-3.04641
0.23111,-1.87896,2.06787,-0.15058,2.26528,-3.04628
0.23114,-1.87868,2.06629,-0.14733,2.26546,-3.04615
0.23139,-1.87824,2.06487,-0.14497,2.26597,-3.04462
0.23163,-1.87780,2.06345,-0.14261,2.26648,-3.04310
0.23179,-1.87738,2.06193,-0.13984,2.26686,-3.04239
0.23196,-1.87696,2.06041,-0.13706,2.26725,-3.04168
0.23213,-1.87656,2.05896,-0.13449,2.26764,-3.04088
0.23230,-1.87615,2.05752,-0.13191,2.26804,-3.04008
0.23246,-1.87573,2.05602,-0.12921,2.26841,-3.03931
0.23262,-1.87532,2.05452,-0.12650,2.26879,-3.03853
0.23284,-1.87476,2.05309,-0.12427,2.26931,-3.03847
0.23307,-1.87420,2.05166,-0.12204,2.26983,-3.03842
0.23317,-1.87376,2.05011,-0.11922,2.27013,-3.03763
0.23327,-1.87333,2.04856,-0.11639,2.27043,-3.03685
0.23345,-1.87291,2.04709,-0.11375,2.27081,-3.03618
0.23364,-1.87249,2.04563,-0.11110,2.27119,-3.03552
0.23379,-1.87210,2.04401,-0.10798,2.27152,-3.03415
0.23394,-1.87170,2.04239,-0.10486,2.27183,-3.03278
0.23412,-1.87120,2.04084,-0.10211,2.27224,-3.03207
0.23430,-1.87070,2.03929,-0.09935,2.27264,-3.03136
0.23451,-1.87021,2.03769,-0.09644,2.27308,-3.03064
0.23472,-1.86971,2.03609,-0.09353,2.27351,-3.02993
0.23487,-1.86920,2.03446,-0.09055,2.27386,-3.02939
0.23502,-1.86870,2.03284,-0.08757,2.27421,-3.02884
0.23513,-1.86826,2.03146,-0.08522,2.27453,-3.02861
0.23523,-1.86782,2.03008,-0.08286,2.27484,-3.02837
0.23555,-1.86701,2.02804,-0.07919,2.27559,-3.02780
0.23586,-1.86619,2.02599,-0.07552,2.27633,-3.02722
0.23612,-1.86546,2.02410,-0.07210,2.27698,-3.02715
0.23639,-1.86472,2.02222,-0.06868,2.27762,-3.02707
0.23674,-1.86399,2.02029,-0.06522,2.27836,-3.02607
0.23709,-1.86325,2.01837,-0.06176,2.27909,-3.02506
0.23744,-1.86225,2.01616,-0.05796,2.27994,-3.02559
0.23780,-1.86125,2.01396,-0.05416,2.28078,-3.02612
0.23819,-1.86035,2.01181,-0.05037,2.28165,-3.02421
0.23858,-1.85945,2.00966,-0.04657,2.28252,-3.02230
0.23889,-1.85868,2.00780,-0.04332,2.28323,-3.02221
0.23920,-1.85790,2.00594,-0.04006,2.28395,-3.02211
0.23961,-1.85698,2.00393,-0.03660,2.28487,-3.02233
0.24002,-1.85605,2.00192,-0.03314,2.28579,-3.02253
0.24033,-1.85538,2.00040,-0.03075,2.28650,-3.02182
0.24064,-1.85472,1.99888,-0.02835,2.28721,-3.02110
0.24113,-1.85384,1.99715,-0.02587,2.28820,-3.01989
0.24162,-1.85296,1.99542,-0.02338,2.28918,-3.01867
0.24197,-1.85212,1.99358,-0.02032,2.28997,-3.01788
0.24231,-1.85128,1.99173,-0.01726,2.29076,-3.01710
0.24243,-1.85053,1.98986,-0.01395,2.29125,-3.01611
0.24254,-1.84978,1.98799,-0.01064,2.29173,-3.01512
0.24302,-1.84888,1.98627,-0.00798,2.29278,-3.01534
0.24349,-1.84798,1.98455,-0.00533,2.29383,-3.01556
0.24388,-1.84707,1.98263,-0.00218,2.29468,-3.01472
0.24427,-1.84616,1.98072,0.00096,2.29552,-3.01388
0.24458,-1.84513,1.97849,0.00479,2.29628,-3.01266
0.24489,-1.84409,1.97626,0.00861,2.29703,-3.01144
0.24524,-1.84319,1.97436,0.01181,2.29783,-3.01087
0.24558,-1.84230,1.97245,0.01500,2.29862,-3.01029
0.24588,-1.84161,1.97095,0.01739,2.29934,-3.01029
0.24618,-1.84092,1.96946,0.01979,2.30005,-3.01028
0.24660,-1.84001,1.96761,0.02285,2.30093,-3.00980
0.24702,-1.83910,1.96575,0.02592,2.30181,-3.00931
0.24722,-1.83812,1.96353,0.02982,2.30233,-3.00756
0.24741,-1.83712,1.96131,0.03372,2.30284,-3.00582
0.24757,-1.83622,1.95912,0.03783,2.30330,-3.00454
0.24773,-1.83532,1.95692,0.04193,2.30375,-3.00326
0.24804,-1.83445,1.95503,0.04512,2.30447,-3.00269
0.24834,-1.83357,1.95314,0.04832,2.30519,-3.00211
0.24864,-1.83258,1.95107,0.05188,2.30589,-3.00126
0.24893,-1.83159,1.94901,0.05544,2.30659,-3.00042
0.24922,-1.83060,1.94693,0.05905,2.30728,-2.99958
0.24951,-1.82959,1.94484,0.06265,2.30797,-2.99874
0.24987,-1.82850,1.94275,0.06614,2.30875,-2.99810
0.25022,-1.82740,1.94065,0.06963,2.30953,-2.99745
0.25042,-1.82650,1.93861,0.07329,2.31007,-2.99648
0.25061,-1.82560,1.93657,0.07696,2.31061,-2.99551
0.25101,-1.82450,1.93455,0.08021,2.31147,-2.99503
0.25140,-1.82340,1.93252,0.08346,2.31232,-2.99454
0.25169,-1.82237,1.93045,0.08701,2.31300,-2.99371
0.25198,-1.82134,1.92837,0.09056,2.31368,-2.99287
0.25225,-1.82030,1.92629,0.09414,2.31434,-2.99199
0.25253,-1.81926,1.92419,0.09772,2.31500,-2.99110
0.25282,-1.81821,1.92210,0.10130,2.31569,-2.99025
0.25311,-1.81715,1.92000,0.10487,2.31638,-2.98940
0.25332,-1.81598,1.91756,0.10937,2.31695,-2.98832
0.25354,-1.81480,1.91511,0.11387,2.31750,-2.98723
0.25389,-1.81372,1.91308,0.11723,2.31826,-2.98682
0.25424,-1.81264,1.91105,0.12059,2.31902,-2.98640
0.25452,-1.81168,1.90925,0.12338,2.31971,-2.98531
0.25480,-1.81073,1.90746,0.12618,2.32040,-2.98421
0.25503,-1.80967,1.90537,0.12972,2.32100,-2.98335
0.25527,-1.80860,1.90329,0.13326,2.32160,-2.98249
0.25546,-1.80751,1.90095,0.13763,2.32213,-2.98188
0.25566,-1.80641,1.89862,0.14200,2.32266,-2.98128
0.25592,-1.80548,1.89694,0.14452,2.32332,-2.98075
0.25618,-1.80455,1.89526,0.14705,2.32398,-2.98022
0.25652,-1.80345,1.89318,0.15072,2.32473,-2.98076
0.25685,-1.80234,1.89110,0.15439,2.32549,-2.98129
0.25716,-1.80118,1.88892,0.15809,2.32614,-2.98055
0.25748,-1.80003,1.88675,0.16178,2.32679,-2.97980
0.25743,-1.79896,1.88448,0.16599,2.32699,-2.97900
0.25738,-1.79789,1.88220,0.17020,2.32719,-2.97821
0.25762,-1.79680,1.88012,0.17382,2.32777,-2.97799
0.25785,-1.79571,1.87803,0.17744,2.32835,-2.97778
0.25819,-1.79440,1.87557,0.18182,2.32903,-2.97696
0.25853,-1.79308,1.87310,0.18619,2.32970,-2.97613
0.25874,-1.79201,1.87109,0.18970,2.33024,-2.97595
0.25894,-1.79093,1.86907,0.19321,2.33079,-2.97576
0.25915,-1.78994,1.86736,0.19592,2.33146,-2.97601
0.25936,-1.78895,1.86565,0.19863,2.33214,-2.97627
0.25915,-1.78753,1.86259,0.20494,2.33197,-2.97551
0.25894,-1.78610,1.85952,0.21123,2.33180,-2.97476
0.25931,-1.78500,1.85767,0.21411,2.33265,-2.97421
0.25968,-1.78390,1.85581,0.21698,2.33349,-2.97366
0.26002,-1.78264,1.85372,0.22041,2.33424,-2.97304
0.26036,-1.78138,1.85163,0.22383,2.33499,-2.97241
0.26055,-1.78008,1.84934,0.22789,2.33552,-2.97185
0.26074,-1.77878,1.84704,0.23194,2.33604,-2.97129
0.26107,-1.77766,1.84519,0.23502,2.33686,-2.97160
0.26140,-1.77654,1.84333,0.23809,2.33767,-2.97191
0.26170,-1.77559,1.84166,0.24080,2.33838,-2.97180
0.26199,-1.77464,1.83998,0.24350,2.33907,-2.97169
0.26212,-1.77356,1.83796,0.24709,2.33944,-2.97106
0.26224,-1.77247,1.83593,0.25068,2.33980,-2.97043
0.26285,-1.77131,1.83451,0.25253,2.34124,-2.97207
0.26345,-1.77016,1.83308,0.25438,2.34268,-2.97371
0.26370,-1.76937,1.83171,0.25652,2.34331,-2.97395
0.26395,-1.76859,1.83034,0.25867,2.34394,-2.97419
0.26416,-1.76815,1.82980,0.25938,2.34452,-2.97681
0.26436,-1.76771,1.82926,0.26008,2.34510,-2.97943
0.26451,-1.76721,1.82847,0.26141,2.34558,-2.98064
0.26465,-1.76670,1.82767,0.26274,2.34606,-2.98185
0.26470,-1.76605,1.82634,0.26506,2.34610,-2.98119
0.26475,-1.76540,1.82501,0.26739,2.34614,-2.98053
0.26489,-1.76477,1.82396,0.26911,2.34650,-2.98108
0.26503,-1.76414,1.82291,0.27083,2.34687,-2.98163
0.26514,-1.76422,1.82304,0.27030,2.34719,-2.98430
0.26525,-1.76430,1.82318,0.26976,2.34750,-2.98698
0.26543,-1.76342,1.82167,0.27221,2.34806,-2.98662
0.26561,-1.76253,1.82017,0.27465,2.34862,-2.98627
0.26598,-1.76191,1.81943,0.27532,2.34942,-2.98705
0.26636,-1.76128,1.81869,0.27599,2.35023,-2.98783
0.26628,-1.76096,1.81785,0.27766,2.35014,-2.98916
0.26621,-1.76064,1.81700,0.27933,2.35006,-2.99049
0.26631,-1.75995,1.81571,0.28149,2.35032,-2.98964
0.26641,-1.75927,1.81442,0.28365,2.35057,-2.98880
0.26675,-1.75851,1.81341,0.28507,2.35122,-2.98975
0.26709,-1.75776,1.81239,0.28649,2.35187,-2.99069
0.26716,-1.75719,1.81129,0.28839,2.35211,-2.99042
0.26722,-1.75662,1.81020,0.29029,2.35235,-2.99015
0.26751,-1.75621,1.80973,0.29058,2.35304,-2.99189
0.26779,-1.75580,1.80926,0.29087,2.35372,-2.99362
0.26803,-1.75489,1.80787,0.29302,2.35434,-2.99340
0.26826,-1.75398,1.80647,0.29517,2.35497,-2.99318
0.26834,-1.75322,1.80503,0.29787,2.35505,-2.99227
0.26842,-1.75245,1.80359,0.30057,2.35512,-2.99135
0.26863,-1.75190,1.80272,0.30180,2.35569,-2.99129
0.26883,-1.75134,1.80185,0.30302,2.35626,-2.99124
0.26905,-1.75096,1.80134,0.30353,2.35681,-2.99259
0.26926,-1.75057,1.80082,0.30403,2.35736,-2.99394
0.26931,-1.74989,1.79956,0.30624,2.35748,-2.99372
0.26936,-1.74922,1.79830,0.30846,2.35760,-2.99350
0.26965,-1.74827,1.79681,0.31080,2.35825,-2.99321
0.26993,-1.74733,1.79532,0.31314,2.35890,-2.99291
0.27007,-1.74691,1.79475,0.31381,2.35926,-2.99412
0.27021,-1.74650,1.79419,0.31448,2.35963,-2.99534
0.27044,-1.74588,1.79317,0.31602,2.36016,-2.99579
0.27066,-1.74526,1.79216,0.31756,2.36070,-2.99623
0.27086,-1.74448,1.79092,0.31945,2.36113,-2.99666
0.27105,-1.74371,1.78968,0.32135,2.36155,-2.99709
0.27114,-1.74330,1.78888,0.32265,2.36179,-2.99706
0.27122,-1.74289,1.78808,0.32395,2.36204,-2.99703
0.27127,-1.74249,1.78733,0.32513,2.36219,-2.99806
0.27132,-1.74209,1.78658,0.32630,2.36234,-2.99910
0.27161,-1.74114,1.78513,0.32862,2.36294,-2.99855
0.27190,-1.74019,1.78368,0.33093,2.36353,-2.99801
0.27197,-1.73972,1.78286,0.33218,2.36380,-2.99896
0.27204,-1.73924,1.78204,0.33344,2.36408,-2.99991
0.27220,-1.73867,1.78110,0.33500,2.36434,-2.99954
0.27235,-1.73809,1.78016,0.33656,2.36461,-2.99917
0.27242,-1.73757,1.77926,0.33802,2.36486,-2.99989
0.27249,-1.73705,1.77836,0.33948,2.36512,-3.00061
0.27271,-1.73641,1.77752,0.34056,2.36576,-3.00055
0.27294,-1.73576,1.77668,0.34164,2.36639,-3.00049
0.27304,-1.73521,1.77578,0.34313,2.36663,-3.00019
0.27314,-1.73467,1.77488,0.34462,2.36687,-2.99990
0.27321,-1.73416,1.77401,0.34611,2.36704,-3.00012
0.27328,-1.73365,1.77315,0.34760,2.36721,-3.00033
0.27377,-1.73287,1.77231,0.34860,2.36835,-3.00038
0.27427,-1.73209,1.77147,0.34961,2.36949,-3.00043
0.27456,-1.73116,1.77016,0.35162,2.37023,-3.00014
0.27485,-1.73023,1.76884,0.35362,2.37097,-2.99984
0.27487,-1.73000,1.76840,0.35433,2.37098,-3.00009
0.27489,-1.72976,1.76795,0.35503,2.37100,-3.00034
0.27472,-1.72942,1.76712,0.35663,2.37075,-3.00083
0.27455,-1.72907,1.76629,0.35823,2.37050,-3.00132
0.27522,-1.72787,1.76490,0.36003,2.37196,-3.00078
0.27589,-1.72667,1.76352,0.36182,2.37342,-3.00023
0.27597,-1.72538,1.76121,0.36578,2.37366,-2.99993
0.27604,-1.72409,1.75891,0.36974,2.37389,-2.99963
0.27615,-1.72367,1.75823,0.37079,2.37413,-3.00014
0.27626,-1.72326,1.75755,0.37185,2.37436,-3.00065
0.27653,-1.72226,1.75614,0.37398,2.37514,-3.00057
0.27681,-1.72126,1.75472,0.37611,2.37593,-3.00049
0.27670,-1.72060,1.75340,0.37856,2.37576,-3.00029
0.27660,-1.71994,1.75208,0.38100,2.37558,-3.00008
0.27665,-1.71925,1.75088,0.38304,2.37574,-2.99993
0.27670,-1.71855,1.74968,0.38509,2.37590,-2.99978
0.27667,-1.71782,1.74830,0.38752,2.37589,-2.99996
0.27664,-1.71708,1.74691,0.38994,2.37589,-3.00014
0.27660,-1.71628,1.74542,0.39265,2.37582,-2.99926
0.27657,-1.71548,1.74392,0.39536,2.37575,-2.99838
0.27664,-1.71496,1.74309,0.39672,2.37598,-2.99843
0.27671,-1.71443,1.74225,0.39808,2.37622,-2.99848
0.27672,-1.71365,1.74083,0.40053,2.37628,-2.99870
0.27672,-1.71286,1.73941,0.40297,2.37634,-2.99893
0.27696,-1.71187,1.73797,0.40530,2.37697,-2.99833
0.27719,-1.71087,1.73653,0.40764,2.37760,-2.99774
0.27742,-1.70991,1.73514,0.40984,2.37820,-2.99785
0.27765,-1.70895,1.73374,0.41204,2.37879,-2.99795
0.27787,-1.70804,1.73237,0.41422,2.37930,-2.99765
0.27810,-1.70712,1.73101,0.41641,2.37981,-2.99735
0.27822,-1.70608,1.72935,0.41922,2.38016,-2.99634
0.27834,-1.70505,1.72769,0.42204,2.38051,-2.99532
0.27853,-1.70417,1.72644,0.42397,2.38109,-2.99523
0.27873,-1.70330,1.72519,0.42591,2.38167,-2.99513
0.27891,-1.70216,1.72339,0.42888,2.38211,-2.99505
0.27910,-1.70102,1.72158,0.43185,2.38253,-2.99497
0.27886,-1.69931,1.71813,0.43818,2.38190,-2.99335
0.27862,-1.69758,1.71467,0.44449,2.38126,-2.99175
0.27749,-1.69681,1.71174,0.45065,2.37853,-2.99146
0.27636,-1.69603,1.70881,0.45679,2.37580,-2.99120
0.27631,-1.69520,1.70729,0.45943,2.37573,-2.99120
0.27627,-1.69437,1.70578,0.46206,2.37567,-2.99121
0.27586,-1.69435,1.70517,0.46351,2.37465,-2.99143
0.27544,-1.69432,1.70455,0.46495,2.37364,-2.99165
0.27504,-1.69381,1.70320,0.46765,2.37280,-2.99144
0.27465,-1.69330,1.70185,0.47034,2.37196,-2.99122
0.27471,-1.69289,1.70116,0.47144,2.37210,-2.99138
0.27478,-1.69247,1.70048,0.47254,2.37224,-2.99153
0.27468,-1.69155,1.69875,0.47558,2.37203,-2.99093
0.27458,-1.69063,1.69702,0.47861,2.37182,-2.99033
0.27436,-1.69064,1.69671,0.47931,2.37128,-2.99087
0.27414,-1.69064,1.69640,0.48001,2.37075,-2.99141
0.27437,-1.68971,1.69514,0.48196,2.37137,-2.99067
0.27461,-1.68878,1.69387,0.48391,2.37198,-2.98992
0.27447,-1.68840,1.69304,0.48548,2.37166,-2.98953
0.27433,-1.68802,1.69220,0.48706,2.37133,-2.98914
0.27432,-1.68820,1.69248,0.48650,2.37133,-2.99043
0.27430,-1.68838,1.69276,0.48595,2.37133,-2.99172
0.27446,-1.68798,1.69225,0.48660,2.37172,-2.99221
0.27462,-1.68759,1.69175,0.48726,2.37211,-2.99270
0.27327,-1.68529,1.68615,0.49795,2.36914,-2.99056
0.27191,-1.68298,1.68056,0.50858,2.36615,-2.98848
0.27166,-1.68306,1.68035,0.50914,2.36555,-2.98884
0.27141,-1.68314,1.68014,0.50969,2.36496,-2.98920
0.27109,-1.68228,1.67832,0.51300,2.36429,-2.98872
0.27078,-1.68142,1.67649,0.51631,2.36362,-2.98824
0.27073,-1.68025,1.67440,0.51981,2.36350,-2.98837
0.27069,-1.67908,1.67231,0.52330,2.36338,-2.98851
0.27038,-1.67876,1.67137,0.52513,2.36266,-2.98843
0.27008,-1.67844,1.67043,0.52695,2.36193,-2.98835
0.27031,-1.67705,1.66831,0.53031,2.36237,-2.98766
0.27053,-1.67566,1.66620,0.53366,2.36282,-2.98698
0.27027,-1.67460,1.66412,0.53733,2.36225,-2.98644
0.27000,-1.67354,1.66204,0.54100,2.36169,-2.98591
0.26820,-1.67416,1.66087,0.54434,2.35749,-2.98643
0.26639,-1.67477,1.65969,0.54768,2.35329,-2.98696
0.26629,-1.67432,1.65880,0.54921,2.35307,-2.98688
0.26619,-1.67386,1.65791,0.55075,2.35284,-2.98679
0.26655,-1.67250,1.65610,0.55349,2.35371,-2.98577
0.26691,-1.67115,1.65428,0.55623,2.35458,-2.98475
0.26698,-1.67032,1.65302,0.55827,2.35479,-2.98419
0.26706,-1.66950,1.65175,0.56031,2.35499,-2.98362
0.26737,-1.66888,1.65107,0.56115,2.35572,-2.98401
0.26767,-1.66825,1.65038,0.56200,2.35645,-2.98440
0.26783,-1.66789,1.64997,0.56254,2.35686,-2.98433
0.26800,-1.66753,1.64956,0.56308,2.35727,-2.98427
0.26713,-1.66743,1.64842,0.56566,2.35533,-2.98352
0.26626,-1.66733,1.64728,0.56824,2.35339,-2.98278
0.26591,-1.66684,1.64609,0.57048,2.35262,-2.98269
0.26556,-1.66636,1.64489,0.57271,2.35186,-2.98260
0.26526,-1.66608,1.64407,0.57424,2.35119,-2.98318
0.26496,-1.66581,1.64325,0.57577,2.35053,-2.98377
0.26474,-1.66554,1.64252,0.57707,2.35002,-2.98457
0.26452,-1.66528,1.64179,0.57837,2.34952,-2.98538
0.26441,-1.66419,1.63991,0.58159,2.34931,-2.98448
0.26431,-1.66311,1.63802,0.58480,2.34909,-2.98358
0.26392,-1.66268,1.63685,0.58698,2.34821,-2.98350
0.26354,-1.66225,1.63568,0.58916,2.34732,-2.98342
0.26300,-1.66110,1.63313,0.59370,2.34605,-2.98365
0.26245,-1.65995,1.63057,0.59824,2.34479,-2.98388
0.26232,-1.65922,1.62922,0.60055,2.34446,-2.98395
0.26219,-1.65850,1.62786,0.60287,2.34413,-2.98402
0.26195,-1.65736,1.62567,0.60658,2.34347,-2.98362
0.26171,-1.65623,1.62348,0.61029,2.34280,-2.98324
0.26262,-1.65459,1.62171,0.61262,2.34464,-2.98266
0.26353,-1.65296,1.61994,0.61496,2.34647,-2.98207
0.26287,-1.65259,1.61866,0.61748,2.34510,-2.98197
0.26222,-1.65221,1.61738,0.62000,2.34373,-2.98187
0.26201,-1.65161,1.61622,0.62200,2.34338,-2.98193
0.26181,-1.65101,1.61507,0.62399,2.34303,-2.98199
0.26175,-1.65022,1.61372,0.62625,2.34287,-2.98152
0.26168,-1.64943,1.61237,0.62851,2.34272,-2.98106
0.26145,-1.64884,1.61114,0.63055,2.34225,-2.98156
0.26122,-1.64825,1.60992,0.63259,2.34178,-2.98206
0.26101,-1.64731,1.60812,0.63567,2.34123,-2.98176
0.26079,-1.64636,1.60633,0.63874,2.34068,-2.98147
0.26066,-1.64518,1.60437,0.64208,2.34047,-2.97955
0.26054,-1.64399,1.60242,0.64542,2.34024,-2.97763
0.26044,-1.64310,1.60092,0.64778,2.34004,-2.97726
0.26035,-1.64221,1.59942,0.65014,2.33983,-2.97690
0.25994,-1.64185,1.59831,0.65212,2.33895,-2.97763
0.25952,-1.64149,1.59720,0.65409,2.33807,-2.97837
0.25940,-1.64037,1.59534,0.65705,2.33786,-2.97807
0.25928,-1.63924,1.59347,0.66001,2.33764,-2.97776
0.25901,-1.63903,1.59275,0.66125,2.33706,-2.97780
0.25874,-1.63882,1.59203,0.66248,2.33648,-2.97785
0.25830,-1.63802,1.59025,0.66543,2.33555,-2.97799
0.25787,-1.63722,1.58848,0.66837,2.33462,-2.97813
0.25734,-1.63607,1.58628,0.67229,2.33365,-2.97763
0.25681,-1.63491,1.58410,0.67621,2.33268,-2.97713
0.25715,-1.63439,1.58337,0.67686,2.33313,-2.97792
0.25749,-1.63387,1.58264,0.67750,2.33359,-2.97871
0.25668,-1.63336,1.58108,0.68049,2.33214,-2.97816
0.25588,-1.63284,1.57952,0.68347,2.33069,-2.97762
0.25576,-1.63170,1.57763,0.68644,2.33041,-2.97714
0.25564,-1.63056,1.57575,0.68941,2.33013,-2.97666
0.25549,-1.63031,1.57499,0.69052,2.32967,-2.97793
0.25534,-1.63006,1.57422,0.69164,2.32920,-2.97919
0.25484,-1.62930,1.57253,0.69433,2.32834,-2.97898
0.25435,-1.62853,1.57084,0.69703,2.32747,-2.97877
0.25413,-1.62767,1.56918,0.69954,2.32700,-2.97966
0.25392,-1.62680,1.56752,0.70205,2.32653,-2.98056
0.25379,-1.62609,1.56631,0.70383,2.32628,-2.98031
0.25366,-1.62538,1.56510,0.70562,2.32604,-2.98007
0.25350,-1.62460,1.56353,0.70809,2.32559,-2.98033
0.25333,-1.62381,1.56197,0.71056,2.32513,-2.98060
0.25307,-1.62342,1.56106,0.71188,2.32466,-2.98052
0.25281,-1.62304,1.56014,0.71319,2.32418,-2.98045
0.25250,-1.62200,1.55816,0.71634,2.32355,-2.98033
0.25218,-1.62096,1.55618,0.71949,2.32291,-2.98022
0.25197,-1.62006,1.55457,0.72197,2.32255,-2.97989
0.25176,-1.61917,1.55296,0.72445,2.32218,-2.97957
0.25132,-1.61755,1.55011,0.72925,2.32136,-2.97846
0.25088,-1.61593,1.54725,0.73404,2.32054,-2.97737
0.25045,-1.61581,1.54654,0.73507,2.31968,-2.97866
0.25003,-1.61569,1.54582,0.73609,2.31882,-2.97996
0.24931,-1.61460,1.54352,0.73979,2.31752,-2.98036
0.24859,-1.61351,1.54121,0.74350,2.31622,-2.98076
0.24825,-1.61261,1.53934,0.74641,2.31549,-2.98058
0.24791,-1.61171,1.53746,0.74931,2.31477,-2.98040
0.24788,-1.61083,1.53611,0.75113,2.31478,-2.98006
0.24786,-1.60995,1.53475,0.75295,2.31479,-2.97972
0.24743,-1.60956,1.53361,0.75467,2.31379,-2.98049
0.24701,-1.60917,1.53248,0.75639,2.31280,-2.98126
0.24690,-1.60849,1.53119,0.75827,2.31258,-2.98063
0.24678,-1.60781,1.52991,0.76015,2.31236,-2.98000
0.24647,-1.60740,1.52891,0.76154,2.31172,-2.98072
0.24617,-1.60700,1.52790,0.76294,2.31108,-2.98145
0.24602,-1.60650,1.52689,0.76430,2.31077,-2.98154
0.24588,-1.60600,1.52588,0.76566,2.31046,-2.98163
0.24536,-1.60519,1.52426,0.76812,2.30966,-2.98132
0.24485,-1.60438,1.52263,0.77058,2.30887,-2.98101
0.24464,-1.60368,1.52120,0.77264,2.30823,-2.98191
0.24442,-1.60298,1.51977,0.77470,2.30760,-2.98281
0.24410,-1.60253,1.51862,0.77628,2.30695,-2.98340
0.24379,-1.60207,1.51747,0.77786,2.30630,-2.98399
0.24384,-1.60174,1.51687,0.77836,2.30642,-2.98371
0.24389,-1.60140,1.51627,0.77885,2.30654,-2.98344
0.24327,-1.59988,1.51343,0.78360,2.30541,-2.98330
0.24265,-1.59834,1.51058,0.78833,2.30428,-2.98318
0.24239,-1.59823,1.51009,0.78869,2.30380,-2.98404
0.24212,-1.59812,1.50960,0.78904,2.30331,-2.98490
0.24185,-1.59768,1.50852,0.79059,2.30268,-2.98499
0.24157,-1.59725,1.50743,0.79214,2.30204,-2.98508
0.24134,-1.59639,1.50582,0.79444,2.30156,-2.98545
0.24112,-1.59554,1.50422,0.79673,2.30109,-2.98582
0.24070,-1.59529,1.50344,0.79771,2.30034,-2.98618
0.24029,-1.59504,1.50267,0.79869,2.29959,-2.98655
0.23991,-1.59412,1.50084,0.80151,2.29887,-2.98590
0.23953,-1.59320,1.49902,0.80434,2.29815,-2.98526
0.23907,-1.59254,1.49753,0.80656,2.29730,-2.98532
0.23860,-1.59187,1.49604,0.80878,2.29645,-2.98538
0.23806,-1.59105,1.49437,0.81132,2.29553,-2.98560
0.23753,-1.59023,1.49270,0.81386,2.29462,-2.98582
0.23730,-1.58962,1.49139,0.81575,2.29411,-2.98545
0.23707,-1.58901,1.49007,0.81764,2.29360,-2.98508
0.23670,-1.58763,1.48768,0.82137,2.29284,-2.98475
0.23633,-1.58625,1.48530,0.82510,2.29208,-2.98443
0.23599,-1.58537,1.48367,0.82742,2.29151,-2.98354
0.23565,-1.58449,1.48205,0.82973,2.29093,-2.98265
0.23535,-1.58332,1.48000,0.83279,2.29035,-2.98169
0.23504,-1.58216,1.47795,0.83585,2.28977,-2.98073
0.23476,-1.58104,1.47591,0.83894,2.28919,-2.97950
0.23447,-1.57991,1.47387,0.84203,2.28861,-2.97826
0.23416,-1.57877,1.47185,0.84499,2.28803,-2.97706
0.23385,-1.57764,1.46983,0.84796,2.28746,-2.97586
0.23360,-1.57644,1.46790,0.85067,2.28701,-2.97499
0.23335,-1.57524,1.46598,0.85339,2.28657,-2.97412
0.23309,-1.57406,1.46393,0.85640,2.28603,-2.97332
0.23283,-1.57288,1.46188,0.85941,2.28549,-2.97251
0.23248,-1.57180,1.45984,0.86253,2.28476,-2.97188
0.23212,-1.57071,1.45781,0.86564,2.28403,-2.97125
0.23163,-1.56992,1.45609,0.86821,2.28309,-2.97172
0.23114,-1.56912,1.45437,0.87077,2.28214,-2.97219
0.23078,-1.56754,1.45179,0.87469,2.28139,-2.97127
0.23042,-1.56596,1.44921,0.87860,2.28064,-2.97034
0.23023,-1.56488,1.44738,0.88122,2.28029,-2.96950
0.23005,-1.56380,1.44554,0.88383,2.27993,-2.96866
0.22960,-1.56265,1.44350,0.88682,2.27913,-2.96823
0.22916,-1.56151,1.44146,0.88980,2.27832,-2.96781
0.22884,-1.56022,1.43915,0.89327,2.27758,-2.96714
0.22852,-1.55894,1.43684,0.89674,2.27685,-2.96648
0.22813,-1.55783,1.43492,0.89949,2.27617,-2.96647
0.22775,-1.55672,1.43300,0.90225,2.27549,-2.96646
0.22746,-1.55558,1.43091,0.90534,2.27480,-2.96617
0.22717,-1.55445,1.42882,0.90844,2.27410,-2.96589
0.22681,-1.55339,1.42694,0.91112,2.27348,-2.96529
0.22645,-1.55232,1.42506,0.91380,2.27287,-2.96469
0.22616,-1.55101,1.42290,0.91688,2.27229,-2.96405
0.22588,-1.54970,1.42074,0.91996,2.27172,-2.96342
0.22560,-1.54851,1.41874,0.92280,2.27114,-2.96278
0.22532,-1.54733,1.41673,0.92564,2.27056,-2.96213
0.22494,-1.54607,1.41456,0.92879,2.26982,-2.96187
0.22455,-1.54480,1.41239,0.93194,2.26909,-2.96160
0.22425,-1.54360,1.41034,0.93484,2.26847,-2.96154
0.22395,-1.54240,1.40830,0.93774,2.26785,-2.96148
0.22414,-1.54186,1.40771,0.93859,2.26829,-2.96110
0.22433,-1.54131,1.40711,0.93944,2.26873,-2.96072
0.22452,-1.54076,1.40652,0.94028,2.26917,-2.96035
0.22470,-1.54022,1.40593,0.94113,2.26960,-2.95998
0.22491,-1.53967,1.40533,0.94198,2.27006,-2.95961
0.22511,-1.53912,1.40473,0.94284,2.27052,-2.95925
0.22529,-1.53859,1.40416,0.94364,2.27094,-2.95893
0.22547,-1.53806,1.40360,0.94445,2.27136,-2.95860
0.22565,-1.53752,1.40301,0.94529,2.27179,-2.95825
0.22584,-1.53698,1.40241,0.94614,2.27222,-2.95789
0.22602,-1.53643,1.40182,0.94699,2.27264,-2.95752
0.22621,-1.53589,1.40122,0.94785,2.27307,-2.95715
0.22636,-1.53537,1.40060,0.94879,2.27344,-2.95689
0.22652,-1.53484,1.39997,0.94973,2.27380,-2.95663
0.22670,-1.53430,1.39939,0.95057,2.27423,-2.95624
0.22689,-1.53376,1.39880,0.95141,2.27467,-2.95585
0.22712,-1.53314,1.39813,0.95237,2.27514,-2.95533
0.22735,-1.53253,1.39747,0.95333,2.27561,-2.95480
0.22752,-1.53206,1.39703,0.95391,2.27608,-2.95456
0.22770,-1.53159,1.39658,0.95449,2.27655,-2.95432
0.22786,-1.53099,1.39590,0.95549,2.27693,-2.95381
0.22802,-1.53039,1.39522,0.95649,2.27730,-2.95329
0.22820,-1.52986,1.39464,0.95732,2.27772,-2.95293
0.22838,-1.52932,1.39406,0.95815,2.27814,-2.95258
0.22862,-1.52894,1.39373,0.95857,2.27868,-2.95246
0.22886,-1.52857,1.39339,0.95899,2.27923,-2.95233
0.22905,-1.52806,1.39286,0.95974,2.27967,-2.95200
0.22923,-1.52755,1.39232,0.96050,2.28011,-2.95167
0.22942,-1.52703,1.39177,0.96129,2.28055,-2.95131
0.22961,-1.52651,1.39122,0.96208,2.28098,-2.95094
0.22995,-1.52709,1.39229,0.96009,2.28182,-2.95109
0.23029,-1.52766,1.39337,0.95810,2.28266,-2.95123
0.23040,-1.52634,1.39166,0.96084,2.28289,-2.95066
0.23051,-1.52501,1.38995,0.96359,2.28311,-2.95008
0.23095,-1.52459,1.38978,0.96366,2.28401,-2.95012
0.23139,-1.52417,1.38962,0.96374,2.28490,-2.95016
0.23151,-1.52442,1.38998,0.96304,2.28533,-2.94963
0.23163,-1.52468,1.39035,0.96233,2.28576,-2.94910
0.23187,-1.52386,1.38951,0.96361,2.28626,-2.94948
0.23210,-1.52305,1.38867,0.96489,2.28675,-2.94986
0.23209,-1.52217,1.38743,0.96680,2.28673,-2.94778
0.23208,-1.52129,1.38619,0.96871,2.28670,-2.94571
0.23240,-1.52080,1.38578,0.96932,2.28741,-2.94659
0.23273,-1.52031,1.38538,0.96992,2.28812,-2.94747
0.23294,-1.51952,1.38453,0.97116,2.28860,-2.94645
0.23314,-1.51873,1.38369,0.97239,2.28907,-2.94543
0.23334,-1.51821,1.38315,0.97316,2.28954,-2.94507
0.23354,-1.51769,1.38261,0.97393,2.29000,-2.94471
0.23383,-1.51723,1.38226,0.97435,2.29064,-2.94461
0.23413,-1.51677,1.38191,0.97477,2.29128,-2.94450
0.23421,-1.51642,1.38146,0.97548,2.29157,-2.94462
0.23429,-1.51606,1.38101,0.97620,2.29185,-2.94473
0.23469,-1.51599,1.38128,0.97554,2.29277,-2.94510
0.23509,-1.51591,1.38155,0.97487,2.29368,-2.94548
0.23528,-1.51565,1.38135,0.97513,2.29419,-2.94525
0.23547,-1.51539,1.38116,0.97538,2.29470,-2.94502
0.23557,-1.51433,1.37980,0.97754,2.29487,-2.94413
0.23567,-1.51326,1.37844,0.97971,2.29504,-2.94324
0.23592,-1.51294,1.37823,0.97988,2.29564,-2.94302
0.23618,-1.51262,1.37803,0.98006,2.29625,-2.94280
0.23641,-1.51207,1.37749,0.98082,2.29678,-2.94268
0.23664,-1.51152,1.37696,0.98158,2.29731,-2.94256
0.23694,-1.51099,1.37652,0.98212,2.29794,-2.94197
0.23723,-1.51046,1.37608,0.98266,2.29857,-2.94138
0.23743,-1.50998,1.37561,0.98334,2.29905,-2.94112
0.23763,-1.50950,1.37514,0.98403,2.29953,-2.94086
0.23777,-1.50919,1.37479,0.98455,2.29992,-2.94116
0.23791,-1.50888,1.37445,0.98507,2.30031,-2.94147
0.23819,-1.50842,1.37406,0.98556,2.30093,-2.94125
0.23847,-1.50796,1.37368,0.98605,2.30155,-2.94102
0.23864,-1.50754,1.37329,0.98661,2.30199,-2.94093
0.23880,-1.50713,1.37289,0.98717,2.30242,-2.94084
0.23902,-1.50669,1.37248,0.98772,2.30293,-2.94062
0.23923,-1.50624,1.37207,0.98828,2.30344,-2.94039
0.23944,-1.50573,1.37152,0.98909,2.30389,-2.93997
0.23965,-1.50521,1.37096,0.98990,2.30434,-2.93955
0.23994,-1.50482,1.37071,0.99016,2.30503,-2.93944
0.24022,-1.50442,1.37046,0.99041,2.30572,-2.93933
0.24038,-1.50396,1.37005,0.99097,2.30620,-2.93915
0.24055,-1.50351,1.36964,0.99153,2.30667,-2.93897
0.24076,-1.50307,1.36924,0.99209,2.30717,-2.93874
0.24097,-1.50263,1.36883,0.99265,2.30767,-2.93851
0.24116,-1.50221,1.36844,0.99317,2.30815,-2.93827
0.24136,-1.50180,1.36805,0.99370,2.30863,-2.93802
0.24150,-1.50128,1.36751,0.99447,2.30900,-2.93760
0.24163,-1.50076,1.36697,0.99525,2.30938,-2.93717
0.24184,-1.50031,1.36655,0.99582,2.30988,-2.93692
0.24205,-1.49986,1.36614,0.99639,2.31038,-2.93667
0.24226,-1.49942,1.36572,0.99696,2.31087,-2.93643
0.24246,-1.49897,1.36531,0.99753,2.31137,-2.93619
0.24277,-1.49853,1.36494,0.99802,2.31204,-2.93598
0.24308,-1.49809,1.36458,0.99852,2.31271,-2.93578
0.24329,-1.49766,1.36418,0.99906,2.31322,-2.93554
0.24350,-1.49722,1.36379,0.99960,2.31372,-2.93530
0.24371,-1.49676,1.36336,1.00019,2.31423,-2.93505
0.24392,-1.49630,1.36294,1.00078,2.31474,-2.93480
0.24413,-1.49586,1.36253,1.00135,2.31522,-2.93456
0.24433,-1.49542,1.36212,1.00192,2.31571,-2.93432
0.24452,-1.49501,1.36176,1.00241,2.31618,-2.93412
0.24471,-1.49461,1.36140,1.00290,2.31665,-2.93392
0.24482,-1.49364,1.36025,1.00510,2.31673,-2.93376
0.24492,-1.49267,1.35910,1.00730,2.31681,-2.93359
0.24494,-1.49184,1.35806,1.00928,2.31671,-2.93342
0.24496,-1.49102,1.35703,1.01126,2.31662,-2.93325
0.24504,-1.49016,1.35607,1.01312,2.31672,-2.93321
0.24513,-1.48930,1.35510,1.01497,2.31683,-2.93316
0.24525,-1.48845,1.35418,1.01676,2.31699,-2.93326
0.24537,-1.48760,1.35326,1.01854,2.31717,-2.93336
0.24541,-1.48665,1.35217,1.02062,2.31719,-2.93318
0.24544,-1.48569,1.35108,1.02269,2.31721,-2.93301
0.24553,-1.48488,1.35013,1.02450,2.31726,-2.93291
0.24561,-1.48407,1.34918,1.02632,2.31732,-2.93282
0.24578,-1.48314,1.34814,1.02834,2.31754,-2.93272
0.24595,-1.48220,1.34710,1.03036,2.31776,-2.93261
0.24605,-1.48137,1.34625,1.03201,2.31795,-2.93278
0.24614,-1.48055,1.34541,1.03367,2.31815,-2.93295
0.24623,-1.47971,1.34454,1.03528,2.31829,-2.93289
0.24631,-1.47888,1.34368,1.03689,2.31843,-2.93282
0.24644,-1.47806,1.34280,1.03857,2.31860,-2.93276
0.24657,-1.47724,1.34192,1.04025,2.31878,-2.93269
0.24682,-1.47669,1.34140,1.04134,2.31911,-2.93294
0.24706,-1.47613,1.34088,1.04244,2.31944,-2.93319
0.24716,-1.47580,1.34058,1.04313,2.31954,-2.93320
0.24726,-1.47546,1.34027,1.04382,2.31964,-2.93321
0.24749,-1.47422,1.33895,1.04626,2.32000,-2.93257
0.24772,-1.47297,1.33763,1.04869,2.32035,-2.93194
0.24779,-1.47191,1.33649,1.05081,2.32049,-2.93221
0.24786,-1.47084,1.33534,1.05292,2.32063,-2.93247
0.24811,-1.47059,1.33531,1.05320,2.32113,-2.93295
0.24835,-1.47034,1.33527,1.05348,2.32164,-2.93343
0.24854,-1.47017,1.33522,1.05370,2.32196,-2.93301
0.24872,-1.46999,1.33516,1.05392,2.32229,-2.93259
0.24897,-1.46932,1.33453,1.05487,2.32291,-2.93189
0.24921,-1.46865,1.33390,1.05583,2.32353,-2.93119
0.24943,-1.46863,1.33405,1.05551,2.32413,-2.93032
0.24965,-1.46861,1.33421,1.05520,2.32472,-2.92945
0.24966,-1.46811,1.33360,1.05631,2.32464,-2.92876
0.24968,-1.46761,1.33299,1.05742,2.32457,-2.92807
0.24974,-1.46734,1.33264,1.05788,2.32479,-2.92748
0.24981,-1.46706,1.33228,1.05834,2.32502,-2.92688
0.25008,-1.46675,1.33222,1.05856,2.32562,-2.92665
0.25036,-1.46643,1.33216,1.05877,2.32622,-2.92641
0.25067,-1.46666,1.33268,1.05794,2.32690,-2.92563
0.25099,-1.46689,1.33320,1.05711,2.32757,-2.92486
0.25101,-1.46623,1.33240,1.05834,2.32776,-2.92490
0.25104,-1.46556,1.33160,1.05957,2.32795,-2.92495
0.25143,-1.46488,1.33109,1.06039,2.32877,-2.92355
0.25183,-1.46420,1.33059,1.06121,2.32959,-2.92214
0.25156,-1.46440,1.33066,1.06119,2.32905,-2.92183
0.25130,-1.46461,1.33072,1.06116,2.32852,-2.92152
0.25151,-1.46502,1.33151,1.05997,2.32899,-2.92251
0.25173,-1.46543,1.33229,1.05878,2.32946,-2.92351
0.25179,-1.46424,1.33072,1.06122,2.32959,-2.92090
0.25185,-1.46304,1.32915,1.06365,2.32972,-2.91830
0.25218,-1.46389,1.33057,1.06148,2.33043,-2.91981
0.25251,-1.46474,1.33198,1.05930,2.33113,-2.92133
0.25247,-1.46425,1.33138,1.06044,2.33107,-2.91983
0.25244,-1.46375,1.33077,1.06158,2.33100,-2.91834
0.25297,-1.46268,1.32983,1.06285,2.33230,-2.91667
0.25350,-1.46161,1.32888,1.06413,2.33360,-2.91500
0.25309,-1.46358,1.33122,1.06086,2.33263,-2.91649
0.25268,-1.46554,1.33356,1.05759,2.33165,-2.91797
0.25310,-1.46385,1.33173,1.06048,2.33258,-2.91506
0.25352,-1.46216,1.32989,1.06337,2.33350,-2.91216
0.25373,-1.46224,1.33020,1.06295,2.33398,-2.91186
0.25394,-1.46232,1.33050,1.06253,2.33446,-2.91157
0.25384,-1.46371,1.33234,1.05979,2.33426,-2.91295
0.25374,-1.46511,1.33417,1.05704,2.33406,-2.91434
0.25404,-1.46375,1.33263,1.05946,2.33470,-2.91324
0.25433,-1.46239,1.33109,1.06188,2.33534,-2.91214
0.25444,-1.46235,1.33115,1.06168,2.33566,-2.91281
0.25455,-1.46230,1.33122,1.06148,2.33599,-2.91349
0.25488,-1.46143,1.33038,1.06286,2.33677,-2.91086
0.25520,-1.46056,1.32955,1.06424,2.33754,-2.90823
0.25603,-1.46098,1.33105,1.06199,2.33957,-2.90885
0.25685,-1.46139,1.33255,1.05974,2.34159,-2.90948
0.25615,-1.46282,1.33376,1.05806,2.33982,-2.91041
0.25545,-1.46425,1.33497,1.05638,2.33804,-2.91134
0.25571,-1.46337,1.33412,1.05783,2.33868,-2.90978
0.25598,-1.46250,1.33327,1.05929,2.33931,-2.90822
0.25758,-1.46286,1.33557,1.05589,2.34311,-2.90857
0.25917,-1.46322,1.33788,1.05247,2.34692,-2.90895
0.25767,-1.46310,1.33599,1.05518,2.34336,-2.90790
0.25617,-1.46297,1.33411,1.05788,2.33981,-2.90686
0.25666,-1.46193,1.33326,1.05938,2.34089,-2.90596
0.25716,-1.46089,1.33242,1.06089,2.34198,-2.90507
0.25705,-1.46170,1.33334,1.05934,2.34175,-2.90620
0.25694,-1.46251,1.33426,1.05779,2.34152,-2.90734
0.25791,-1.46151,1.33398,1.05830,2.34382,-2.90501
0.25888,-1.46051,1.33370,1.05882,2.34612,-2.90268
0.25881,-1.46075,1.33394,1.05842,2.34592,-2.90373
0.25874,-1.46098,1.33418,1.05803,2.34572,-2.90477
0.25795,-1.46172,1.33442,1.05784,2.34389,-2.90509
0.25715,-1.46247,1.33466,1.05765,2.34205,-2.90541
0.25796,-1.46112,1.33366,1.05916,2.34392,-2.90416
0.25877,-1.45978,1.33266,1.06068,2.34579,-2.90291
0.25874,-1.45968,1.33252,1.06091,2.34576,-2.90239
0.25872,-1.45957,1.33238,1.06114,2.34572,-2.90187
0.25873,-1.46068,1.33393,1.05891,2.34570,-2.90318
0.25875,-1.46180,1.33548,1.05667,2.34568,-2.90449
0.25935,-1.46188,1.33617,1.05523,2.34727,-2.90561
0.25994,-1.46197,1.33685,1.05377,2.34885,-2.90673
0.25820,-1.46081,1.33330,1.05901,2.34466,-2.90653
0.25645,-1.45963,1.32975,1.06424,2.34047,-2.90636
0.25591,-1.45880,1.32794,1.06666,2.33926,-2.90719
0.25537,-1.45796,1.32613,1.06907,2.33804,-2.90803
0.25463,-1.45757,1.32479,1.07095,2.33641,-2.90720
0.25389,-1.45718,1.32345,1.07283,2.33479,-2.90638
0.25316,-1.45790,1.32358,1.07253,2.33294,-2.90888
0.25242,-1.45861,1.32371,1.07224,2.33108,-2.91139
0.25221,-1.45947,1.32455,1.07060,2.33059,-2.91263
0.25200,-1.46034,1.32538,1.06896,2.33010,-2.91387
0.25144,-1.45884,1.32260,1.07263,2.32893,-2.91515
0.25088,-1.45734,1.31981,1.07630,2.32778,-2.91643
0.25016,-1.45489,1.31570,1.08252,2.32605,-2.91278
0.24943,-1.45244,1.31158,1.08872,2.32431,-2.90916
0.24891,-1.45200,1.31028,1.09034,2.32305,-2.90843
0.24839,-1.45155,1.30897,1.09196,2.32179,-2.90770
0.24758,-1.45226,1.30912,1.09167,2.31994,-2.91050
0.24677,-1.45297,1.30926,1.09139,2.31810,-2.91329
0.24639,-1.45214,1.30757,1.09336,2.31728,-2.91265
0.24601,-1.45131,1.30588,1.09533,2.31647,-2.91202
0.24549,-1.45030,1.30386,1.09819,2.31532,-2.91015
0.24498,-1.44929,1.30183,1.10104,2.31418,-2.90830
0.24431,-1.45000,1.30200,1.10037,2.31270,-2.91111
0.24363,-1.45071,1.30217,1.09971,2.31122,-2.91392
0.24357,-1.44961,1.30049,1.10185,2.31112,-2.91246
0.24350,-1.44852,1.29881,1.10400,2.31102,-2.91100
0.24299,-1.44771,1.29718,1.10646,2.30975,-2.90794
0.24248,-1.44691,1.29555,1.10892,2.30848,-2.90489
0.24152,-1.44700,1.29446,1.10970,2.30647,-2.91001
0.24056,-1.44709,1.29336,1.11048,2.30446,-2.91513
0.24003,-1.44617,1.29153,1.11309,2.30321,-2.91268
0.23951,-1.44526,1.28970,1.11569,2.30196,-2.91023
0.23913,-1.44566,1.28977,1.11507,2.30127,-2.91380
0.23875,-1.44607,1.28983,1.11445,2.30059,-2.91736
0.23794,-1.44528,1.28784,1.11712,2.29872,-2.91710
0.23712,-1.44449,1.28586,1.11978,2.29685,-2.91684
0.23663,-1.44311,1.28334,1.12325,2.29557,-2.91400
0.23614,-1.44173,1.28082,1.12671,2.29427,-2.91117
0.23505,-1.44125,1.27904,1.12914,2.29178,-2.90924
0.23397,-1.44077,1.27726,1.13156,2.28929,-2.90733
0.23351,-1.44036,1.27614,1.13263,2.28845,-2.90954
0.23305,-1.43994,1.27501,1.13369,2.28762,-2.91175
0.23255,-1.43953,1.27383,1.13492,2.28666,-2.91284
0.23206,-1.43912,1.27265,1.13615,2.28570,-2.91392
0.23163,-1.43836,1.27107,1.13807,2.28474,-2.91339
0.23121,-1.43760,1.26949,1.13998,2.28378,-2.91287
0.23054,-1.43672,1.26747,1.14232,2.28240,-2.91439
0.22988,-1.43582,1.26546,1.14467,2.28102,-2.91592
0.22959,-1.43561,1.26482,1.14544,2.28031,-2.91457
0.22931,-1.43540,1.26418,1.14621,2.27960,-2.91322
0.22852,-1.43487,1.26263,1.14825,2.27787,-2.91322
0.22773,-1.43433,1.26107,1.15029,2.27615,-2.91323
0.22716,-1.43414,1.26008,1.15126,2.27486,-2.91519
0.22659,-1.43394,1.25909,1.15223,2.27356,-2.91715
0.22560,-1.43290,1.25669,1.15523,2.27157,-2.91662
0.22462,-1.43186,1.25430,1.15822,2.26957,-2.91608
0.22387,-1.43064,1.25176,1.16149,2.26791,-2.91730
0.22312,-1.42940,1.24921,1.16476,2.26625,-2.91852
0.22265,-1.42896,1.24808,1.16609,2.26525,-2.91901
0.22218,-1.42851,1.24696,1.16741,2.26425,-2.91949
0.22149,-1.42778,1.24519,1.16947,2.26268,-2.91876
0.22079,-1.42704,1.24342,1.17154,2.26112,-2.91802
0.21988,-1.42675,1.24209,1.17313,2.25908,-2.91929
0.21896,-1.42646,1.24076,1.17473,2.25704,-2.92056
0.21836,-1.42635,1.24003,1.17557,2.25583,-2.92258
0.21776,-1.42623,1.23930,1.17642,2.25462,-2.92460
0.21716,-1.42600,1.23834,1.17733,2.25336,-2.92539
0.21657,-1.42577,1.23739,1.17825,2.25210,-2.92619
0.21589,-1.42519,1.23591,1.18012,2.25055,-2.92691
0.21521,-1.42460,1.23443,1.18200,2.24901,-2.92764
0.21448,-1.42319,1.23161,1.18518,2.24760,-2.92696
0.21375,-1.42178,1.22879,1.18835,2.24620,-2.92628
0.21279,-1.42002,1.22546,1.19267,2.24413,-2.92533
0.21182,-1.41826,1.22213,1.19697,2.24206,-2.92438
0.21077,-1.41781,1.22049,1.19896,2.23977,-2.92527
0.20973,-1.41735,1.21885,1.20095,2.23749,-2.92615
0.20951,-1.41791,1.21946,1.20012,2.23713,-2.92852
0.20929,-1.41847,1.22006,1.19929,2.23678,-2.93089
0.20764,-1.41817,1.21800,1.20172,2.23305,-2.93104
0.20597,-1.41786,1.21593,1.20414,2.22933,-2.93120
0.20670,-1.41630,1.21441,1.20608,2.23097,-2.92838
0.20743,-1.41474,1.21289,1.20803,2.23261,-2.92556
0.20626,-1.41368,1.21027,1.21114,2.23010,-2.92711
0.20509,-1.41260,1.20765,1.21424,2.22759,-2.92865
0.20380,-1.41235,1.20604,1.21608,2.22476,-2.92924
0.20250,-1.41210,1.20442,1.21791,2.22193,-2.92984
0.20197,-1.41036,1.20127,1.22125,2.22090,-2.93010
0.20144,-1.40862,1.19810,1.22459,2.21988,-2.93036
0.20062,-1.40593,1.19366,1.23034,2.21827,-2.92917
0.19980,-1.40323,1.18921,1.23609,2.21665,-2.92798
0.19964,-1.40322,1.18903,1.23624,2.21632,-2.92800
0.19949,-1.40321,1.18885,1.23640,2.21598,-2.92802
0.19860,-1.40167,1.18593,1.23993,2.21421,-2.92906
0.19772,-1.40012,1.18301,1.24345,2.21244,-2.93011
0.19794,-1.40092,1.18425,1.24168,2.21289,-2.93042
0.19816,-1.40172,1.18549,1.23991,2.21333,-2.93073
0.19740,-1.39940,1.18175,1.24495,2.21176,-2.93066
0.19663,-1.39708,1.17800,1.24998,2.21019,-2.93060
0.19608,-1.39738,1.17786,1.25009,2.20897,-2.93044
0.19552,-1.39768,1.17772,1.25020,2.20775,-2.93027
0.19557,-1.39646,1.17613,1.25222,2.20787,-2.92962
0.19562,-1.39525,1.17454,1.25425,2.20800,-2.92897
0.19502,-1.39049,1.16733,1.26321,2.20694,-2.92704
0.19441,-1.38571,1.16009,1.27217,2.20588,-2.92512
0.19432,-1.38660,1.16124,1.27077,2.20549,-2.92454
0.19422,-1.38749,1.16239,1.26936,2.20511,-2.92396
0.19467,-1.38587,1.16058,1.27183,2.20617,-2.92242
0.19512,-1.38426,1.15877,1.27429,2.20723,-2.92088
0.19474,-1.38337,1.15721,1.27629,2.20640,-2.91999
0.19436,-1.38249,1.15566,1.27829,2.20557,-2.91910
0.19391,-1.38280,1.15571,1.27820,2.20458,-2.91966
0.19346,-1.38311,1.15577,1.27810,2.20360,-2.92023
0.19322,-1.38250,1.15471,1.27933,2.20318,-2.91962
0.19298,-1.38190,1.15365,1.28055,2.20276,-2.91901
0.19296,-1.37940,1.15012,1.28476,2.20295,-2.91694
0.19294,-1.37690,1.14658,1.28896,2.20314,-2.91487
0.19256,-1.37406,1.14247,1.29444,2.20243,-2.91394
0.19217,-1.37122,1.13836,1.29991,2.20172,-2.91302
0.19105,-1.36764,1.13283,1.30772,2.19942,-2.90980
0.18992,-1.36406,1.12730,1.31550,2.19711,-2.90662
0.19066,-1.36102,1.12373,1.32004,2.19882,-2.90555
0.19138,-1.35797,1.12015,1.32458,2.20052,-2.90447
0.19054,-1.35794,1.11945,1.32537,2.19874,-2.90382
0.18970,-1.35790,1.11874,1.32616,2.19696,-2.90317
0.19055,-1.35750,1.11898,1.32617,2.19882,-2.90254
0.19140,-1.35710,1.11921,1.32617,2.20067,-2.90191
0.19196,-1.35609,1.11836,1.32744,2.20193,-2.90038
0.19252,-1.35509,1.11751,1.32870,2.20319,-2.89886
0.19248,-1.35250,1.11390,1.33319,2.20325,-2.89670
0.19244,-1.34990,1.11029,1.33768,2.20329,-2.89454
0.19250,-1.34983,1.11019,1.33780,2.20339,-2.89436
0.19255,-1.34976,1.11009,1.33793,2.20349,-2.89418
0.19137,-1.34620,1.10449,1.34538,2.20113,-2.89197
0.19019,-1.34264,1.09889,1.35282,2.19876,-2.88980
0.19026,-1.34194,1.09793,1.35394,2.19897,-2.89077
0.19033,-1.34124,1.09696,1.35505,2.19918,-2.89174
0.19001,-1.34126,1.09675,1.35535,2.19849,-2.89100
0.18968,-1.34128,1.09654,1.35565,2.19781,-2.89026
0.18980,-1.33989,1.09466,1.35779,2.19808,-2.88986
0.18992,-1.33850,1.09277,1.35992,2.19835,-2.88946
0.18925,-1.33597,1.08883,1.36496,2.19698,-2.88691
0.18857,-1.33343,1.08488,1.36998,2.19559,-2.88437
0.18670,-1.33139,1.08037,1.37512,2.19172,-2.88324
0.18481,-1.32933,1.07586,1.38024,2.18784,-2.88214
0.18599,-1.32759,1.07453,1.38215,2.19032,-2.88029
0.18716,-1.32586,1.07319,1.38406,2.19279,-2.87843
0.18469,-1.32322,1.06795,1.39105,2.18818,-2.87679
0.18221,-1.32058,1.06270,1.39802,2.18358,-2.87519
0.18225,-1.31930,1.06109,1.40031,2.18368,-2.87369
0.18228,-1.31802,1.05949,1.40261,2.18378,-2.87219
0.18192,-1.31633,1.05713,1.40598,2.18302,-2.87072
0.18156,-1.31464,1.05478,1.40935,2.18225,-2.86925
0.18180,-1.31367,1.05364,1.41085,2.18278,-2.86833
0.18204,-1.31269,1.05249,1.41234,2.18330,-2.86740
0.18129,-1.31146,1.05018,1.41507,2.18180,-2.86567
0.18053,-1.31022,1.04786,1.41780,2.18029,-2.86393
0.18059,-1.30913,1.04632,1.41950,2.18040,-2.86288
0.18064,-1.30804,1.04478,1.42120,2.18052,-2.86182
0.17995,-1.30699,1.04224,1.42322,2.17929,-2.86102
0.17927,-1.30595,1.03970,1.42525,2.17806,-2.86022
0.17839,-1.30396,1.03641,1.42916,2.17672,-2.85925
0.17751,-1.30197,1.03312,1.43308,2.17538,-2.85830
0.17755,-1.29971,1.03042,1.43722,2.17549,-2.85626
0.17759,-1.29744,1.02772,1.44137,2.17559,-2.85422
0.17757,-1.29679,1.02669,1.44240,2.17552,-2.85326
0.17754,-1.29613,1.02565,1.44343,2.17544,-2.85231
0.17696,-1.29686,1.02548,1.44209,2.17466,-2.85355
0.17637,-1.29760,1.02531,1.44075,2.17388,-2.85479
0.17642,-1.29519,1.02246,1.44512,2.17386,-2.85253
0.17646,-1.29278,1.01960,1.44948,2.17384,-2.85027
0.17562,-1.29104,1.01667,1.45300,2.17228,-2.84867
0.17478,-1.28929,1.01374,1.45653,2.17073,-2.84709
0.17443,-1.28768,1.01132,1.45973,2.17019,-2.84571
0.17409,-1.28607,1.00891,1.46292,2.16965,-2.84433
0.17403,-1.28441,1.00649,1.46567,2.16967,-2.84357
0.17397,-1.28275,1.00406,1.46842,2.16969,-2.84281
0.17319,-1.28327,1.00396,1.46778,2.16841,-2.84317
0.17241,-1.28380,1.00386,1.46714,2.16712,-2.84352
0.17304,-1.28396,1.00459,1.46630,2.16853,-2.84412
0.17367,-1.28412,1.00531,1.46546,2.16994,-2.84472
0.17261,-1.27999,0.99892,1.47331,2.16791,-2.84098
0.17155,-1.27585,0.99252,1.48115,2.16586,-2.83727
0.17141,-1.27461,0.99084,1.48352,2.16553,-2.83593
0.17128,-1.27337,0.98915,1.48590,2.16519,-2.83459
0.17113,-1.27143,0.98635,1.48929,2.16495,-2.83301
0.17099,-1.26948,0.98355,1.49268,2.16470,-2.83144
0.17045,-1.26820,0.98129,1.49508,2.16402,-2.83069
0.16992,-1.26693,0.97903,1.49749,2.16333,-2.82995
0.16960,-1.26576,0.97727,1.49963,2.16271,-2.82876
0.16929,-1.26460,0.97550,1.50178,2.16208,-2.82756
0.16902,-1.26334,0.97341,1.50379,2.16174,-2.82660
0.16875,-1.26208,0.97131,1.50581,2.16140,-2.82564
0.16793,-1.26054,0.96862,1.50889,2.16008,-2.82474
0.16710,-1.25900,0.96593,1.51197,2.15876,-2.82384
0.16740,-1.25699,0.96359,1.51521,2.15947,-2.82230
0.16770,-1.25497,0.96125,1.51845,2.16017,-2.82076
0.16638,-1.25266,0.95678,1.52279,2.15786,-2.81972
0.16507,-1.25035,0.95229,1.52713,2.15554,-2.81868
0.16518,-1.25126,0.95357,1.52547,2.15567,-2.82138
0.16530,-1.25217,0.95486,1.52381,2.15580,-2.82408
0.16594,-1.25247,0.95593,1.52241,2.15718,-2.82573
0.16658,-1.25277,0.95700,1.52100,2.15855,-2.82738
0.16633,-1.25237,0.95589,1.52129,2.15830,-2.82933
0.16608,-1.25196,0.95477,1.52159,2.15805,-2.83127
0.16681,-1.25251,0.95620,1.51962,2.15922,-2.83240
0.16755,-1.25306,0.95763,1.51764,2.16040,-2.83353
0.16715,-1.25314,0.95705,1.51756,2.15978,-2.83622
0.16675,-1.25322,0.95648,1.51749,2.15915,-2.83890
0.16637,-1.25287,0.95547,1.51768,2.15877,-2.84125
0.16598,-1.25252,0.95446,1.51786,2.15839,-2.84359
0.16611,-1.25333,0.95567,1.51605,2.15874,-2.84610
0.16623,-1.25414,0.95688,1.51424,2.15909,-2.84860
0.16581,-1.25378,0.95563,1.51475,2.15843,-2.85088
0.16539,-1.25343,0.95438,1.51527,2.15776,-2.85315
0.16686,-1.25409,0.95676,1.51236,2.16013,-2.85306
0.16832,-1.25475,0.95914,1.50944,2.16249,-2.85297
0.16853,-1.25553,0.96026,1.50779,2.16284,-2.85527
0.16875,-1.25631,0.96138,1.50613,2.16319,-2.85757
0.16889,-1.25722,0.96263,1.50440,2.16344,-2.86021
0.16904,-1.25813,0.96389,1.50267,2.16367,-2.86284
0.16941,-1.25890,0.96532,1.50059,2.16440,-2.86486
0.16979,-1.25966,0.96675,1.49851,2.16513,-2.86689
0.16996,-1.26077,0.96832,1.49645,2.16537,-2.86958
0.17012,-1.26188,0.96989,1.49438,2.16561,-2.87227
0.17006,-1.26176,0.96936,1.49422,2.16545,-2.87415
0.16999,-1.26163,0.96884,1.49406,2.16530,-2.87602
0.17005,-1.26132,0.96833,1.49369,2.16557,-2.87763
0.17011,-1.26100,0.96783,1.49331,2.16583,-2.87924
0.17045,-1.26116,0.96832,1.49201,2.16647,-2.88062
0.17080,-1.26132,0.96881,1.49070,2.16710,-2.88201
0.17122,-1.26129,0.96887,1.49006,2.16762,-2.88313
0.17164,-1.26126,0.96894,1.48942,2.16815,-2.88426
0.17209,-1.26086,0.96844,1.48933,2.16869,-2.88499
0.17255,-1.26045,0.96795,1.48925,2.16923,-2.88573
0.17300,-1.26004,0.96746,1.48916,2.16977,-2.88646
0.17346,-1.25963,0.96696,1.48907,2.17031,-2.88719
0.17391,-1.25922,0.96647,1.48898,2.17085,-2.88793
0.17436,-1.25882,0.96598,1.48889,2.17139,-2.88867
0.17481,-1.25841,0.96549,1.48881,2.17193,-2.88940
0.17527,-1.25800,0.96499,1.48872,2.17247,-2.89014
0.17572,-1.25759,0.96450,1.48862,2.17300,-2.89088
0.17617,-1.25719,0.96401,1.48853,2.17354,-2.89163
0.17662,-1.25678,0.96351,1.48844,2.17408,-2.89237
0.17707,-1.25637,0.96302,1.48835,2.17462,-2.89311
0.17752,-1.25597,0.96253,1.48826,2.17515,-2.89386
0.17796,-1.25556,0.96204,1.48817,2.17569,-2.89461
0.17841,-1.25516,0.96154,1.48807,2.17622,-2.89535
0.17886,-1.25475,0.96105,1.48798,2.17676,-2.89610
0.17931,-1.25435,0.96056,1.48788,2.17729,-2.89685
0.17975,-1.25394,0.96007,1.48779,2.17783,-2.89760
0.18020,-1.25354,0.95958,1.48769,2.17836,-2.89835
0.18064,-1.25313,0.95909,1.48760,2.17889,-2.89911
0.18109,-1.25273,0.95859,1.48750,2.17943,-2.89986
0.18153,-1.25232,0.95810,1.48740,2.17996,-2.90062
0.18197,-1.25192,0.95761,1.48730,2.18049,-2.90138
0.18242,-1.25151,0.95712,1.48721,2.18103,-2.90213
0.18286,-1.25111,0.95663,1.48711,2.18156,-2.90289
0.18330,-1.25071,0.95614,1.48701,2.18209,-2.90365
0.18374,-1.25030,0.95565,1.48691,2.18262,-2.90442
0.18418,-1.24990,0.95516,1.48681,2.18315,-2.90518
0.18462,-1.24950,0.95467,1.48671,2.18368,-2.90594
0.18506,-1.24909,0.95417,1.48661,2.18421,-2.90671
0.18550,-1.24869,0.95369,1.48650,2.18474,-2.90747
0.18594,-1.24829,0.95319,1.48640,2.18527,-2.90824
0.18637,-1.24789,0.95270,1.48630,2.18580,-2.90901
0.18681,-1.24749,0.95221,1.48619,2.18633,-2.90978
0.18725,-1.24708,0.95172,1.48609,2.18686,-2.91055
0.18768,-1.24668,0.95123,1.48599,2.18738,-2.91132
0.18812,-1.24628,0.95074,1.48588,2.18791,-2.91210
0.18855,-1.24588,0.95025,1.48577,2.18844,-2.91287
0.18899,-1.24548,0.94976,1.48567,2.18897,-2.91365
0.18942,-1.24508,0.94927,1.48556,2.18949,-2.91442
0.18985,-1.24468,0.94878,1.48545,2.19002,-2.91520
0.19029,-1.24428,0.94829,1.48535,2.19054,-2.91598
0.19072,-1.24388,0.94781,1.48524,2.19107,-2.91676
0.19115,-1.24348,0.94732,1.48513,2.19159,-2.91754
0.19158,-1.24308,0.94683,1.48502,2.19212,-2.91833
0.19201,-1.24268,0.94634,1.48491,2.19264,-2.91911
0.19244,-1.24228,0.94585,1.48480,2.19316,-2.91990
0.19287,-1.24189,0.94536,1.48469,2.19369,-2.92068
0.19330,-1.24149,0.94487,1.48457,2.19421,-2.92147
0.19373,-1.24109,0.94438,1.48446,2.19473,-2.92226
0.19415,-1.24069,0.94390,1.48435,2.19525,-2.92305
0.19458,-1.24029,0.94341,1.48423,2.19578,-2.92384
0.19501,-1.23990,0.94292,1.48412,2.19630,-2.92463
0.19543,-1.23950,0.94243,1.48400,2.19682,-2.92543
0.19586,-1.23910,0.94194,1.48389,2.19734,-2.92622
0.19628,-1.23870,0.94146,1.48377,2.19786,-2.92702
0.19671,-1.23831,0.94097,1.48366,2.19838,-2.92782
0.19713,-1.23791,0.94048,1.48354,2.19890,-2.92861
0.19755,-1.23751,0.93999,1.48342,2.19942,-2.92941
0.19798,-1.23712,0.93950,1.48330,2.19993,-2.93021
0.19840,-1.23672,0.93902,1.48319,2.20045,-2.93102
0.19882,-1.23633,0.93853,1.48307,2.20097,-2.93182
0.19924,-1.23593,0.93804,1.48295,2.20149,-2.93262
0.19966,-1.23554,0.93756,1.48283,2.20200,-2.93343
0.20008,-1.23514,0.93707,1.48270,2.20252,-2.93424
